referencia;categoria;descripcion;costo;precio1;preci2;precio3;cantidadBodega1;cantidadBodega2;cantidadBodega3;TotalBodegas;cantidadTransito;formato;presentacion;cajaEnPallet;pesoUndEmpaque;UndEmpaque;fichasUndEmpaque;codigoContable;cuentaContable;;
3;PISOS;PISO CREMA SELECTA/ 1.82M2;95370;187000;149600;112200;44;73;47;164;600;45X45;1.82;0;0;CAJA;11;368;143501;;
7;PISOS;PISO BARRANQUILLA NEGRO;334050;655000;524000;393000;106;76;31;213;1900;50X50;2.25;0;0;CAJA;9;366;143501;;
13;PISOS;PORCELANATO VANCUVER;353940;694000;555200;416400;109;32;71;212;1000;120x60;2.16;0;0;CAJA;3;301;143501;;categoria
805;ACCESORIOS;TAPETES VEHICULO;31360;49000;44100;39200;33;136;62;231;1400;-;1;0;0;PC;0;74;143501;;linea
1018;PISOS;PISO PARED PIEMONTE NEGRO;459000;900000;720000;540000;7;55;73;135;1900;31X60;1.68;0;0;CAJA;9;367;143501;;precio1
1253;PARED;PARED BLANCO SELECTO;485520;952000;761600;571200;142;75;106;323;1600;31X60;1.68;0;0;CAJA;9;225;143501;;precio2
3600;PARED;PARED BLANCA PLANA;18870;37000;29600;22200;92;32;119;243;1100;30X60;1.8;60;24.5;CAJA;10;235;143501;;precio3
3607;PARED;PARED CARRARA;55080;108000;86400;64800;58;133;84;275;1900;30X60;1.8;60;24.5;CAJA;10;237;143501;;presentacion
3617;PARED;PARED JAZMIN BLANCA;529890;1039000;831200;623400;135;75;114;324;2000;30X60;1.8;60;24.5;CAJA;10;242;143501;;peso
5073;PISOS;PORCELATO ALBA;184110;361000;288800;216600;131;68;23;222;1600;60X60;1.44;40;27;CAJA;4;362;143501;;cajaEnPallet
8001;PISOS;PORCELANATO VETA MARMOL SALT SOLUBLE;201450;395000;316000;237000;6;97;47;150;1700;60X60;1.44;50;21.5;CAJA;4;361;143501;;pesoUndEmpaque
8002;PISOS;PORCELANATO MINERAL SALT SOLUBLE;738480;1448000;1158400;868800;82;43;63;188;1900;60X60;1.44;50;21.5;CAJA;4;341;143501;;UndEmpaque
8005;PISOS;PORCELANATO ROBLE SALT SOLUBLE;577830;1133000;906400;679800;118;116;76;310;800;60X60;1.44;50;21.5;CAJA;4;352;143501;;
8008;PISOS;PORCELANATO TRAVERTINO SALT SOLUBLE;592110;1161000;928800;696600;1;99;30;130;1900;60X60;1.44;50;21.5;CAJA;4;358;143501;;
8010;PISOS;PORCELANATO CUARZON SALT SOLUBLE;670140;1314000;1051200;788400;138;119;94;351;1900;60X60;1.44;50;21.5;CAJA;4;325;143501;;
8013;PISOS;PORCELANATO MARMOLIZADO SALT SOLUBLE;367200;720000;576000;432000;69;2;142;213;1500;60X60;1.44;50;21.5;CAJA;4;339;143501;;
8014;PISOS;PORCELANATO VETA MADERA SALT SOLUBLE;53550;105000;84000;63000;129;131;109;369;800;60X60;1.44;50;21.5;CAJA;4;360;143501;;
8054;PISOS;PORCELANATO NATURA SALT SOLUBLE;500310;981000;784800;588600;114;26;109;249;1200;60X60;1.44;50;21.5;CAJA;4;343;143501;;
23244;PISOS;PORCELANATO BURDEOS;697170;1367000;1093600;820200;121;76;123;320;700;60X60;1.44;40;27;CAJA;4;311;143501;;
25387;PARED;PARED CORUÑA;67830;133000;106400;79800;149;89;111;349;1300;40X80;1.92;48;28;CAJA;6;215;143501;;
30610;PARED;PARED CRISTAL;437070;857000;685600;514200;2;14;98;114;1100;30X60;1.8;60;24.5;CAJA;10;238;143501;;
30611;PARED;PARED GRIS PERLADA;374850;735000;588000;441000;25;91;32;148;1000;30X60;1.8;60;24.5;CAJA;10;240;143501;;
30612;PARED;PARED VENECIA BLANCA;316710;621000;496800;372600;100;111;37;248;1500;30X60;1.8;60;24.5;CAJA;10;255;143501;;
60169;PISOS;PORCELANATO TOLUSE;9180;18000;14400;10800;64;133;65;262;1100;60X60;1.44;40;27;CAJA;4;356;143501;;
61874;PISOS;PORCELANATO FLORENCIA GOLD;508980;998000;798400;598800;27;0;17;44;900;60X120;2.16;48;43;CAJA;3;292;143501;;
66021;PISOS;PORCELANATO CRISTAL;610470;1197000;957600;718200;69;26;19;114;1100;60X60;1.44;40;24;CAJA;4;322;143501;;
66083;PISOS;PORCELANATO NISA;382500;750000;600000;450000;11;30;41;82;1500;60X60;1.44;40;27;CAJA;4;346;143501;;
68007;PISOS;PORCELANATO SAHARA;67320;132000;105600;79200;23;46;93;162;1100;60X60;1.44;40;27;CAJA;4;353;143501;;
71981;PISOS;PORCELANATO CATANIA GOLD;193800;380000;304000;228000;132;27;62;221;1500;60X120;2.16;48;43;CAJA;3;288;143501;;
216056;PISOS;PORCELANATO MARBELLA;441150;865000;692000;519000;45;125;147;317;1200;60X60;1.44;40;27;CAJA;4;337;143501;;
237943;BAÑOS;LVP VITAL CASIC SUB ;201960;396000;316800;237600;48;131;35;214;1000;60*40;1;17;19.5;PC;0;126;143501;;
253185;PARED;PARED NIZA;160140;314000;251200;188400;7;62;31;100;1300;40X80;1.92;48;28;CAJA;6;217;143501;;
253187;PARED;PARED OVIEDO;13770;27000;21600;16200;67;92;56;215;700;40X80;1.92;48;28;CAJA;6;218;143501;;
572001;PARED;PARED GRANADA;363630;713000;570400;427800;6;116;100;222;500;40X80;1.92;48;28;CAJA;6;216;143501;;
612663;PISOS;PORCELANATO PEÑOL GOLD;145860;286000;228800;171600;112;50;79;241;1100;60X120;2.16;48;43;CAJA;3;299;143501;;
617652;PISOS;PORCELNATO NAPOLI GOLD;526320;1032000;825600;619200;95;142;16;253;1900;60X120;2.16;48;43;CAJA;3;302;143501;;
1260601;PISOS;PORCELANATO STONE OSCURO ;670140;1314000;1051200;788400;28;50;8;86;1800;60X120;2.16;40;43;CAJA;3;300;143501;;
1260602;PISOS;PORCELANATO CARRARA ;756840;1484000;1187200;890400;102;88;142;332;1700;60X120;2.16;40;43;CAJA;3;287;143501;;
2504091;PARED;PARED ALBACETE;593640;1164000;931200;698400;146;112;16;274;1000;40X80;1.92;48;28;CAJA;6;213;143501;;
2531311;PARED;PARED CERAMICA MURCIA;38760;76000;60800;45600;33;117;36;186;600;40X80;1.92;48;28;CAJA;6;214;143501;;
225028289;PISOS;PIETRA PISO GRIS;459510;901000;720800;540600;13;78;125;216;1900;61X61;1.86;0;0;CAJA;5;363;143501;;
325011001;BAÑOS;COMBO LAGUNA 4.8 S/PEDESTAL BLANCO;268770;527000;421600;316200;78;43;9;130;1600;1;1;0;0;CAJA;0;76;143501;;
565452501;PISOS;PISO MARMOL PARAMO GRIS ;268770;527000;421600;316200;3;63;78;144;1400;55X55;1.52;0;0;CAJA;5;365;143501;;
565962001;PISOS;PISO MARMOL CAPRI BCO ;73950;145000;116000;87000;92;110;11;213;1500;55X55;1.52;0;0;CAJA;5;364;143501;;
902051501;OTROS;MEGAPEGA CERAMICO;149120;233000;209700;186400;63;135;2;200;600;25K;1;25;25;BULTO;0;201;143501;;
993051011;OTROS;FRAGUA CORONA BLANCO;62080;97000;87300;77600;129;11;132;272;1500;2K;1;2;2;CAJA;0;198;143501;;
993051051;OTROS;FRAGUA CORONA BEIGE;141440;221000;198900;176800;88;128;129;345;1000;2K;1;0;0;CAJA;0;197;143501;;
01IT057;PISOS;PORCELANATO MORANDI GRIS ;241740;474000;379200;284400;12;128;58;198;1200;58,4 X 118,4;2.07;48;35;CAJA;3;298;143501;;
1006B;GRIFERIA;GRIFERIA CASCADA ALTA NEGRA;152320;238000;214200;190400;96;123;76;295;1400;1 PC;1;-;0;PC;0;188;143501;;
1260607C;PISOS;PORCELANATO GRIS PERLADO;343230;673000;538400;403800;113;10;1;124;1300;60X120;2.16;40;43;CAJA;3;293;143501;;
154GHG;BAÑOS;LAVAMANOS POCETA LUXURY DORADO REDONDA ;648210;1271000;1016800;762600;128;67;53;248;700;36x36;1;10;7.9;PC;0;96;143501;;
174AG;BAÑOS;LAVAMANOS POCETA LUXURY BLANCA DORADA REDONDA ;161670;317000;253600;190200;19;2;107;128;1700;36x36;1;10;7.9;PC;0;89;143501;;
174P;BAÑOS;LAVAMANOS POCETA LUXURY BLANCA LINEA DORADA REDONDA ;88230;173000;138400;103800;15;115;12;142;1200;36x36;1;10;7.9;PC;0;90;143501;;
1907B;GRIFERIA;GRIFERIA MONOCONTROL COCINA NEGRA;30720;48000;43200;38400;70;135;3;208;1300;1 PC;1;-;0;PC;0;189;143501;;
22123-G;PISOS;PORCELANATO MOMPOX;235620;462000;369600;277200;86;24;26;136;1600;60X60;1.44;40;27;CAJA;4;342;143501;;
2503073A;PARED;PARED TOULOUSE GRIS OSCURA;741540;1454000;1163200;872400;11;133;71;215;1500;40X80;1.92;48;28;CAJA;6;220;143501;;
2503073B;PARED;PARED TOULOUSE CLARA;202980;398000;318400;238800;92;21;111;224;1200;40X80;1.92;48;28;CAJA;6;219;143501;;
36113A;PARED;PARED NUBE GRIS CLARA;293760;576000;460800;345600;94;46;46;186;1600;30X60;1.8;60;24.5;CAJA;10;248;143501;;
36113B;PARED;PARED NUBE GRIS OSCURA;239190;469000;375200;281400;86;77;69;232;700;30X60;1.8;60;24.5;CAJA;10;249;143501;;
3615B;PARED;PARED JAZPED BEIGE;335580;658000;526400;394800;115;149;140;404;1200;30X60;1.8;60;24.5;CAJA;10;244;143501;;
3615G;PARED;PARED JAZPED GRIS;427380;838000;670400;502800;75;144;85;304;1500;30X60;1.8;60;24.5;CAJA;10;245;143501;;
41492B;PARED;PARED JAZMIN BEIGE;351390;689000;551200;413400;112;68;70;250;1300;30X60;1.8;60;24.5;CAJA;10;241;143501;;
41492G;PARED;PARED JAZMIN GRIS;583950;1145000;916000;687000;48;47;12;107;1700;30X60;1.8;60;24.5;CAJA;10;243;143501;;
5005A;PARED;PARED TARQUINA CLARA;39780;78000;62400;46800;90;10;109;209;1800;30X60;1.8;60;24.5;CAJA;10;252;143501;;
5005B;PARED;PARED TARQUINA OSCURA;596190;1169000;935200;701400;58;30;14;102;1500;30X60;1.8;60;24.5;CAJA;10;253;143501;;
612001G;PISOS;PORCELANATO TUNEZ;412080;808000;646400;484800;86;106;131;323;800;60X120;1.44;60;32;CAJA;2;279;143501;;
612002G;PISOS;PORCELANATO LIBERIA;87210;171000;136800;102600;33;130;98;261;1600;60X120;1.44;60;32;CAJA;2;264;143501;;
612003G;PISOS;PORCELANATO ZAMBIA;351390;689000;551200;413400;60;46;112;218;600;60X120;1.44;60;32;CAJA;2;280;143501;;
612008G;PISOS;PORCELANATO MARRUECOS;464100;910000;728000;546000;106;37;2;145;1500;60X120;1.44;60;32;CAJA;2;266;143501;;
AC-304;ACCESORIOS;REJILLA DORADA 20 X10;185600;290000;261000;232000;125;116;49;290;900;20*10;1;1;0.5;PC;1;49;143501;;
AM0080;FACHADA;FACHADA AMAZONAS (AMAZONE 08);488580;958000;766400;574800;100;128;149;377;900;31X56;1.39;60;21;CAJA;8;180;143501;;
BCL-A-1.2;ACCESORIOS;BARANDA DE CAMA LATERAL OSO GRIS ;132480;207000;186300;165600;87;65;65;217;1800;1.2 MT;1;0;0;CAJA;0;10;143501;;
BCL-A-1.8;ACCESORIOS;BARANDA DE CAMA LATERAL OSO GRIS;144640;226000;203400;180800;3;137;18;158;1900;1.8 MT;1;0;0;CAJA;0;9;143501;;
BCL-B-1.2;ACCESORIOS;BARANDA DE CAMA LATERAL CONEJO ROSA;165120;258000;232200;206400;68;4;66;138;1300;1.2 MT;1;0;0;CAJA;0;3;143501;;
BCL-B-1.8;ACCESORIOS;BARANDA DE CAMA LATERAL CONEJO ROSA;168320;263000;236700;210400;85;120;53;258;900;1.8 MT;1;0;0;CAJA;0;4;143501;;
BCL-C-1.2;ACCESORIOS;BARANDA DE CAMA LATERAL CONEJO AZUL;156160;244000;219600;195200;145;96;60;301;900;1.2 MT;1;0;0;CAJA;0;1;143501;;
BCL-C-1.8;ACCESORIOS;BARANDA DE CAMA LATERAL CONEJO AZUL;147840;231000;207900;184800;94;79;63;236;1200;1.8 MT;1;0;0;CAJA;0;2;143501;;
BCL-D-1.2;ACCESORIOS;BARANDA DE CAMA LATERAL CONSTRUCTORES AZUL;151680;237000;213300;189600;38;23;18;79;900;1.2 MT;1;0;0;CAJA;0;5;143501;;
BCL-D-1.8;ACCESORIOS;BARANDA DE CAMA LATERAL CONSTRUCTORES AZUL;84480;132000;118800;105600;15;117;135;267;1700;1.8 MT;1;0;0;CAJA;0;6;143501;;
BCL-E-1.2;ACCESORIOS;BARANDA DE CAMA LATERAL GRIS PLANO;67840;106000;95400;84800;137;89;145;371;600;1.2 MT;1;0;0;CAJA;0;7;143501;;
BCL-E-1.8;ACCESORIOS;BARANDA DE CAMA LATERAL GRIS PLANO;164480;257000;231300;205600;77;29;126;232;900;1.8 MT;1;0;0;CAJA;0;8;143501;;
BCL-F-1.8;ACCESORIOS;BARANDA DE CAMA LATERAL ROSA PLANO;64000;100000;90000;80000;63;141;125;329;1900;1.8 MT;1;0;0;CAJA;0;11;143501;;
BHCOM002;PARED;PARED GUADALUPE;695130;1363000;1090400;817800;99;1;141;241;1300;30X60;1.62;60;24.5;CAJA;9;229;143501;;
BLJ-8758;ACCESORIOS;REJILLA CELDAS ANTIOLOR PLATA AC304;154240;241000;216900;192800;23;148;64;235;1700;10*10;1;1;0.5;PC;1;36;143501;;
BLJ-8780;ACCESORIOS;REJILLA CELDAS ANTIOLOR PLATA AC304;114560;179000;161100;143200;61;97;80;238;1700;20*8;1;1;0.5;PC;1;37;143501;;
BLJ-8781;ACCESORIOS;REJILLA CELDAS ANTIOLOR NEGRA AC304;164480;257000;231300;205600;19;53;119;191;800;20*8;1;1;0.5;PC;1;35;143501;;
BLJ-8782;ACCESORIOS;REJILLA CELDAS ANTIOLOR DORADA AC304;57600;90000;81000;72000;22;59;124;205;1800;20*8;1;1;0.5;PC;1;34;143501;;
BLJ-8804;ACCESORIOS;REJILLA CELDAS RAYO ANTIOLOR DORADA AC304;26880;42000;37800;33600;52;25;15;92;2000;10*10;1;1;0.5;PC;1;45;143501;;
BLJ-8805;ACCESORIOS;REJILLA CELDAS RAYO ANTIOLOR NEGRA AC304;129280;202000;181800;161600;102;134;91;327;1400;10*10;1;1;0.5;PC;1;46;143501;;
BLJ-8806;ACCESORIOS;REJILLA CELDAS RAYO ANTIOLOR PLATA AC304;174080;272000;244800;217600;31;22;74;127;1200;10*10;1;1;0.5;PC;1;47;143501;;
BLJ-8833;ACCESORIOS;REJILLA CELDAS ANTIOLORDORADA AC304;122880;192000;172800;153600;139;142;92;373;1300;10*10;1;1;0.5;PC;1;39;143501;;
BLJ-8835;ACCESORIOS;REJILLA CELDAS ANTIOLOR NEGRA AC304;19200;30000;27000;24000;109;19;15;143;900;10*10;1;1;0.5;PC;1;38;143501;;
BLJ-8848;ACCESORIOS;REJILLA INVISIBLE REDONDA NEGRA AC304;22400;35000;31500;28000;89;113;129;331;700;10*10;1;1;0.5;PC;1;56;143501;;
BLJ-8849;ACCESORIOS;REJILLA INVISIBLE REDONDA DORADA AC304;171520;268000;241200;214400;92;36;106;234;1200;10*10;1;1;0.5;PC;1;55;143501;;
BLJ-8850;ACCESORIOS;REJILLA INVISIBLE REDONDA PLATA AC304;34560;54000;48600;43200;97;122;2;221;2000;10*10;1;1;0.5;PC;1;57;143501;;
BLJ-8851;ACCESORIOS;REJILLA INVISIBLE CUADRADA DORADA AC304;32000;50000;45000;40000;6;18;135;159;1300;10*10;1;1;0.5;PC;1;50;143501;;
BLJ-8852;ACCESORIOS;REJILLA INVISIBLE CUADRADA PLATA AC304;44800;70000;63000;56000;95;94;82;271;1200;10*10;1;1;0.5;PC;1;52;143501;;
BLJ-8853;ACCESORIOS;REJILLA INVISIBLE CUADRADA NEGRA AC304;10880;17000;15300;13600;11;15;54;80;1600;10*10;1;1;0.5;PC;1;51;143501;;
BLJ-8866;ACCESORIOS;REJILLA CELDAS BORDE ANTIOLOR PLATA AC304;176640;276000;248400;220800;100;108;71;279;1400;10*10;1;1;0.5;PC;1;41;143501;;
BLJ-8867;ACCESORIOS;REJILLA CELDAS BORDE ANTIOLOR DORADA AC304;127360;199000;179100;159200;59;133;80;272;1000;10*10;1;1;0.5;PC;1;40;143501;;
BLJ-8868;ACCESORIOS;REJILLA CELDASBORDE ANTIOLOR NEGRA AC304;14720;23000;20700;18400;49;125;57;231;500;10*10;1;1;0.5;PC;1;48;143501;;
BLJ-8873;ACCESORIOS;REJILLA CELDAS LINEAL ANTIOLOR DORADA AC304;28160;44000;39600;35200;134;7;91;232;1300;10*10;1;1;0.5;PC;1;42;143501;;
BLJ-8874;ACCESORIOS;REJILLA CELDAS LINEAL ANTIOLOR NEGRA AC304;135040;211000;189900;168800;93;145;96;334;1400;10*10;1;1;0.5;PC;1;43;143501;;
BLJ-8875;ACCESORIOS;REJILLA CELDAS LINEAL ANTIOLOR PLATA AC304;65280;102000;91800;81600;39;125;103;267;1400;10*10;1;1;0.5;PC;1;44;143501;;
BLJ-9001;ACCESORIOS;REJILLA SIFON RECTANGULAR ACERO INOXIDABLE;138880;217000;195300;173600;41;27;133;201;1800;30*10;1;1;0.5;PC;1;58;143501;;
BLJ-9002;ACCESORIOS;REJILLA SIFON RECTANGULAR ACERO INOXIDABLE;169600;265000;238500;212000;58;126;51;235;700;20*10;1;1;0.5;PC;1;59;143501;;
BLJ-9003;ACCESORIOS;REJILLA INVISIBLE RECTANGULAR ACERO INOXIDABLE;179840;281000;252900;224800;17;49;105;171;1400;30*10;1;1;0.5;PC;1;53;143501;;
BLJ-9004;ACCESORIOS;REJILLA INVISIBLE RECTANGULAR ACERO INOXIDABLE;149760;234000;210600;187200;22;109;124;255;1600;20*10;1;1;0.5;PC;1;54;143501;;
BO30451;FACHADA;FACHADA ASUNCION;234600;460000;368000;276000;85;42;84;211;1000;30X45;1.64;46;25.5;CAJA;0;175;143501;;
BO30452;FACHADA;FACHADA LOURDES;634440;1244000;995200;746400;69;55;62;186;1300;30X45;1.64;46;25.5;CAJA;0;178;143501;;
BO30453;FACHADA;FACHADA CANDELARIA ;294780;578000;462400;346800;134;99;90;323;900;30X45;1.64;46;25.5;CAJA;0;176;143501;;
BO30454;FACHADA;FACHADA ROSARIO;543150;1065000;852000;639000;75;57;113;245;1200;30X45;1.64;46;25.5;CAJA;0;179;143501;;
BO30455;FACHADA;FACHADA LA BELLA;223380;438000;350400;262800;51;42;113;206;1500;30X45;1.64;46;25.5;CAJA;0;177;143501;;
BO30456;FACHADA;FACHADA AMPARO;511530;1003000;802400;601800;56;93;66;215;1600;30X45;1.64;46;25.5;CAJA;0;174;143501;;
CBO345;BAÑOS;CBO LAGUNA BLCO SIN PED. CON AS;562530;1103000;882400;661800;10;54;59;123;800;1;1;0;0;CAJA;0;75;143501;;
CD05;BAÑOS;LAVAMANOS POCETA PLAZMA-05 VETA ORO;357510;701000;560800;420600;84;108;122;314;1000;ONE PIECE;1;10;6.5;PC;0;104;143501;;
CD06;BAÑOS;LAVAMANOS POCETA PLAZMA-06 VETA ONIX;211650;415000;332000;249000;56;97;2;155;1800;ONE PIECE;1;10;6.5;PC;0;105;143501;;
CD07;BAÑOS;LAVAMANOS POCETA SWING-01 BLANCO-NEGRO;555900;1090000;872000;654000;129;116;93;338;800;ONE PIECE;1;10;6.5;PC;0;111;143501;;
CD08;BAÑOS;LAVAMANOS POCETA SWING-17 BLANCO-CARRARA;20910;41000;32800;24600;110;107;141;358;1700;ONE PIECE;1;10;6.5;PC;0;112;143501;;
CD09;BAÑOS;LAVAMANOS POCETA POLIO-09 BLANCO;359040;704000;563200;422400;61;100;4;165;700;ONE PIECE;1;10;6.5;PC;0;106;143501;;
CD10;BAÑOS;LAVAMANOS POCETA SPELL-09 BLANCO;641070;1257000;1005600;754200;33;119;22;174;1100;ONE PIECE;1;10;6.5;PC;0;109;143501;;
CE14;PISOS;PORCELANATO NEGRO MEDELLIN;674220;1322000;1057600;793200;123;42;98;263;1800;60X60;1.44;44;25.5;CAJA;4;345;143501;;
CHL6000;PISOS;PORCELANATO SALT-SOLUBLE BEIGE PLANO;519690;1019000;815200;611400;82;10;147;239;1600;60X60;1.44;40;24;CAJA;4;354;143501;;
CPB405W;BAÑOS;LAVAMANOS PEDESTAL FIONA BLANCO;250920;492000;393600;295200;105;76;54;235;700;ONE PIECE;1;5;6.5;PC;0;78;143501;;
CR255636;PARED;PARED PUNE BLANCO GOLD;252450;495000;396000;297000;58;113;48;219;1900;30X60;0.9;96;13;CAJA;5;212;143501;;
CR323666;PARED;PARED MANALI STAR;22440;44000;35200;26400;39;131;17;187;1200;30X60;0.9;96;13;CAJA;5;211;143501;;
CR366858;PARED;PARED KASHEMIR GOLD;401370;787000;629600;472200;125;38;33;196;1500;30X60;0.9;96;13;CAJA;5;210;143501;;
CR643259;PARED;PARED KAMPUR STAR;287130;563000;450400;337800;77;70;53;200;1500;30X60;0.9;96;13;CAJA;5;209;143501;;
CR787523;PARED;PARED BOMBAY STAR;302940;594000;475200;356400;36;79;76;191;500;30X60;0.9;96;13;CAJA;5;208;143501;;
CR799656;PARED;PARED BANGALORE GOLD;289170;567000;453600;340200;107;20;86;213;1100;30X60;0.9;96;13;CAJA;5;207;143501;;
CTB405W;BAÑOS;LAVAMANOS POCETA ALEXA BLANCO;591090;1159000;927200;695400;131;56;70;257;600;ONE PIECE;1;10;6.5;PC;0;79;143501;;
CTB406W;BAÑOS;LAVAMANOS POCETA SPELL BLANCO;204510;401000;320800;240600;127;141;93;361;900;ONE PIECE;1;10;6.5;PC;0;108;143501;;
CTB407W;BAÑOS;LAVAMANOS POCETA SLEEK BLANCO;759900;1490000;1192000;894000;26;31;96;153;600;ONE PIECE;1;10;6.5;PC;0;107;143501;;
CTB408W;BAÑOS;LAVAMANOS POCETA TORIN BLANCO;328440;644000;515200;386400;14;89;64;167;1200;ONE PIECE;1;10;6.5;PC;0;113;143501;;
CTB409W;BAÑOS;LAVAMANOS POCETA MOON BLANCO;649740;1274000;1019200;764400;95;74;52;221;1400;ONE PIECE;1;10;6.5;PC;0;101;143501;;
CTB410W;BAÑOS;LAVAMANOS POCETA SUN BLANCO;695130;1363000;1090400;817800;73;5;106;184;1800;ONE PIECE;1;10;6.5;PC;0;110;143501;;
DHCAV;OTROS;CAPSULAS DE ALMACENAMIENTO ;151040;236000;212400;188800;22;112;21;155;1500;SETX4;1;-;0.235;SET;4;206;143501;;
DHSDA-01;OTROS;DISPENSADOR DE ACEITE EN SPRAY;59520;93000;83700;74400;143;63;51;257;1200;-;1;-;0.265;PC;0;195;143501;;
DLLG36030A;PARED;PARED SALINAS BEIGE;490110;961000;768800;576600;36;57;17;110;1600;30X60;1.62;60;24.5;CAJA;9;233;143501;;
DLYG63012BL;PARED;PARED CALLAO GRIS OSCURO;264180;518000;414400;310800;137;46;18;201;600;30X60;1.62;60;24.5;CAJA;9;228;143501;;
DW36013B;PARED;PARED ICA GRIS;668610;1311000;1048800;786600;88;128;123;339;600;30X60;1.62;60;24.5;CAJA;9;230;143501;;
DW36015;PARED;PARED MORONA TRAVERTINO;398310;781000;624800;468600;6;138;55;199;1300;30X60;1.62;60;24.5;CAJA;9;231;143501;;
DW3608;PARED;PARED ACARI;586500;1150000;920000;690000;68;17;27;112;900;30X60;1.62;60;24.5;CAJA;9;221;143501;;
ET-011;BAÑOS;LAVAMANOS POCETA BLANCA CUADRADA ;582420;1142000;913600;685200;123;31;69;223;1400;36x36;1;10;9;PC;0;83;143501;;
ET-076W;BAÑOS;LAVAMANOS POCETA BLANCA REDONDA ;378420;742000;593600;445200;89;37;132;258;1300;36x36;1;10;9;PC;0;84;143501;;
ET-105GOLD-1;BAÑOS;LAVAMANOS POCETA LUXURY DORADO / BLANCA ARABESCO REDONDA;751230;1473000;1178400;883800;124;62;58;244;1600;46*46;1;10;9;PC;0;95;143501;;
ET-105GOLD-2;BAÑOS;LAVAMANOS POCETA LUXURY BLANCO / ARABESCO LINEA ORO REDONDA ;653820;1282000;1025600;769200;29;86;34;149;1500;46*46;1;10;9;PC;0;93;143501;;
ET-154MS;BAÑOS;LAVAMANOS POCETA LUXURY PLATEADA REDONDA;134640;264000;211200;158400;15;38;104;157;800;36x36;1;10;7;PC;0;97;143501;;
ET-2019;BAÑOS;SANITARIO ECONO BLANCO;731340;1434000;1147200;860400;93;65;80;238;1300;ONE PIECE;1;8;45;PC;0;147;143501;;
ET-2057;BAÑOS;SANITARIO STYLUS BLANCO;589050;1155000;924000;693000;107;147;150;404;1000;ONE PIECE;1;8;50;PC;0;158;143501;;
ET-2057B;BAÑOS;SANITARIO STYLUS NEGRO ;414120;812000;649600;487200;132;39;94;265;700;ONE PIECE;1;8;50;PC;0;164;143501;;
ET-2057F;BAÑOS;SANITARIO STYLUS BLANCO LINEA NEGRA;759900;1490000;1192000;894000;89;41;138;268;1000;ONE PIECE;1;8;50;PC;0;161;143501;;
ET-2057G;BAÑOS;SANITARIO STYLUS BLANCO LINEA ORO ;183090;359000;287200;215400;55;118;142;315;1500;ONE PIECE;1;8;50;PC;0;162;143501;;
ET-2057H;BAÑOS;SANITARIO STYLUS BLANCO LINEA ORO CARRARA;295800;580000;464000;348000;35;64;74;173;1100;ONE PIECE;1;8;50;PC;0;163;143501;;
ET-2057L;BAÑOS;SANITARIO STYLUS BLANCO CARRARA;110670;217000;173600;130200;62;32;115;209;900;ONE PIECE;1;8;50;PC;0;159;143501;;
ET-2057M;BAÑOS;SANITARIO STYLUS NEGRO LINEA PLATA;55080;108000;86400;64800;118;14;136;268;1400;ONE PIECE;1;8;50;PC;0;166;143501;;
ET-2057N;BAÑOS;SANITARIO STYLUS NEGRO LINEA ORO;261630;513000;410400;307800;58;127;36;221;900;ONE PIECE;1;8;50;PC;0;165;143501;;
ET-2057S;BAÑOS;SANITARIO STYLUS BLANCO LINEA PLATA;610980;1198000;958400;718800;47;126;64;237;1800;ONE PIECE;1;8;50;PC;0;160;143501;;
ET-2060;BAÑOS;SANITARIO DELUXE BLANCO;161160;316000;252800;189600;129;135;84;348;1300;ONE PIECE;1;8;56;PC;0;139;143501;;
ET-2060A;BAÑOS;SANITARIO DELUXE NEGRO;551820;1082000;865600;649200;71;77;22;170;1400;ONE PIECE;1;8;56;PC;0;144;143501;;
ET-2060E;BAÑOS;SANITARIO DELUXE NEGRO LINEA ORO;755310;1481000;1184800;888600;121;81;67;269;1900;ONE PIECE;1;8;56;PC;0;146;143501;;
ET-2060F;BAÑOS;SANITARIO DELUXE GRIS LINEA ORO;487050;955000;764000;573000;81;73;22;176;1400;ONE PIECE;1;8;56;PC;0;143;143501;;
ET-2060GG;BAÑOS;SANITARIO DELUXE BLANCO LINEA ORO;623220;1222000;977600;733200;140;87;103;330;1600;ONE PIECE;1;8;56;PC;0;141;143501;;
ET-2060GOLD;BAÑOS;SANITARIO DELUXE DORADO;723690;1419000;1135200;851400;72;38;100;210;1500;ONE PIECE;1;8;56;PC;0;142;143501;;
ET-2060K;BAÑOS;SANITARIO DELUXE BLANCO CARRARA;252450;495000;396000;297000;117;103;69;289;1000;ONE PIECE;1;8;56;PC;0;140;143501;;
ET-2060M;BAÑOS;SANITARIO DELUXE NEGRO CARRARA;318750;625000;500000;375000;18;95;50;163;1500;ONE PIECE;1;8;56;PC;0;145;143501;;
ET-2061;BAÑOS;SANITARIO EVOLA BLANCO;242760;476000;380800;285600;116;70;10;196;1000;ONE PIECE;1;8;54;PC;0;148;143501;;
ET-2061B;BAÑOS;SANITARIO EVOLA NEGRO;156570;307000;245600;184200;62;11;37;110;600;ONE PIECE;1;8;54;PC;0;150;143501;;
ET-2061C;BAÑOS;SANITARIO EVOLA GRIS;719610;1411000;1128800;846600;129;52;117;298;1400;ONE PIECE;1;8;54;PC;0;149;143501;;
ET-2064;BAÑOS;SANITARIO CONFORD BLANCO;249900;490000;392000;294000;29;141;97;267;700;ONE PIECE;1;8;54;PC;0;131;143501;;
ET-2064A;BAÑOS;SANITARIO CONFORD BLANCO LINEA ORO;510510;1001000;800800;600600;146;89;16;251;1900;ONE PIECE;1;8;54;PC;0;133;143501;;
ET-2064B;BAÑOS;SANITARIO CONFORD NEGRO;720630;1413000;1130400;847800;32;133;89;254;900;ONE PIECE;1;8;54;PC;0;134;143501;;
ET-2064BG;BAÑOS;SANITARIO CONFORD NEGRO LINEA ORO;116280;228000;182400;136800;40;52;22;114;800;ONE PIECE;1;8;54;PC;0;135;143501;;
ET-2064G;BAÑOS;SANITARIO CONFORD BLANCO LINEA NEGRA;751740;1474000;1179200;884400;30;95;117;242;1400;ONE PIECE;1;8;54;PC;0;132;143501;;
ET-2070;BAÑOS;SANITARIO DELUXE 3D BLANCO;324870;637000;509600;382200;50;110;23;183;800;ONE PIECE;1;8;59;PC;0;136;143501;;
ET-2070-GOLD;BAÑOS;SANITARIO DELUXE 3D ORO BLANCO;466140;914000;731200;548400;148;137;58;343;600;ONE PIECE;1;8;59;PC;0;137;143501;;
ET-2070-PINK/GOLD;BAÑOS;SANITARIO DELUXE 3D ORO ROSA BLANCO;669120;1312000;1049600;787200;82;76;49;207;1900;ONE PIECE;1;8;59;PC;0;138;143501;;
ET-2073;BAÑOS;SANITARIO ROMA BLANCO;15810;31000;24800;18600;74;4;9;87;700;ONE PIECE;1;8;50;PC;0;155;143501;;
ET-2083;BAÑOS;SANITARIO NOVA BLANCO;441150;865000;692000;519000;61;131;99;291;900;ONE PIECE;1;8;50;PC;0;154;143501;;
ET-2086;BAÑOS;SANITARIO AURORA BLANCO;630360;1236000;988800;741600;137;134;93;364;1000;ONE PIECE;1;8;50;PC;0;128;143501;;
ET-2090;BAÑOS;SANITARIO BRUMA BLANCO CARRARA;251430;493000;394400;295800;19;16;58;93;1000;ONE PIECE;1;8;59;PC;0;130;143501;;
ET-2090A;BAÑOS;SANITARIO BRUMA BLANCO;434010;851000;680800;510600;38;20;66;124;1100;ONE PIECE;1;8;59;PC;0;129;143501;;
ET-2092;BAÑOS;SANITARIO ARIA BLANCO;736950;1445000;1156000;867000;116;103;31;250;1700;ONE PIECE;1;8;50;PC;0;127;143501;;
ET-2099WB;BAÑOS;SANITARIO SCENZA TAPA NEGRA;255000;500000;400000;300000;54;32;56;142;1100;ONE PIECE;1;8;50;PC;0;156;143501;;
ET-2100;BAÑOS;SANITARIO LUMINA BLANCO;735420;1442000;1153600;865200;94;130;103;327;1600;ONE PIECE;1;8;48;PC;0;151;143501;;
ET-2100B;BAÑOS;SANITARIO LUMINA BLANCO LINEA NEGRA;521730;1023000;818400;613800;134;65;86;285;600;ONE PIECE;1;8;48;PC;0;152;143501;;
ET-2100G;BAÑOS;SANITARIO LUMINA BLANCO LINEA ORO;460020;902000;721600;541200;89;147;53;289;1200;ONE PIECE;1;8;48;PC;0;153;143501;;
ET-240B;BAÑOS;LAVAMANOS POCETA NEGRA REDONDA ;280500;550000;440000;330000;123;7;89;219;900;36x36;1;10;9;PC;0;103;143501;;
ET-240G;BAÑOS;LAVAMANOS POCETA GRIS REDONDA ;216240;424000;339200;254400;23;76;40;139;2000;36x36;1;10;9;PC;0;87;143501;;
ET-240W;BAÑOS;LAVAMANOS POCETA BLANCA REDONDA ;551310;1081000;864800;648600;139;106;137;382;1800;36x36;1;10;9;PC;0;85;143501;;
ET-29;BAÑOS;LM1 LAVAMANOS GABINETE+MESON+ESPEJO;90780;178000;142400;106800;40;84;94;218;1300;80X50;1;8;44;SET;3;167;143501;;
ET-30;BAÑOS;LM2 LAVAMANOS GABINETE+MESON+ESPEJO;475320;932000;745600;559200;89;126;131;346;1400;60X50;1;8;31.5;SET;3;168;143501;;
ET-31;BAÑOS;LM3 LAVAMANOS GABINETE+MESON+ESPEJO;675750;1325000;1060000;795000;117;92;33;242;1100;60X50;1;8;31.5;SET;3;169;143501;;
ET-310;BAÑOS;LAVAMANOS POCETA AURA BLANCO/ PLATA REDONDO;317220;622000;497600;373200;96;126;122;344;1600;40X40;1;10;9;PC;0;81;143501;;
ET-310G;BAÑOS;LAVAMANOS POCETA AURA BLANCO/ ORO REDONDO;406980;798000;638400;478800;32;121;78;231;1800;40X40;1;10;9;PC;0;80;143501;;
ET-320GOLD;BAÑOS;LAVAMANOS POCETA LUXURY REDONDA DORADO;751740;1474000;1179200;884400;147;94;136;377;1400;36x36;1;10;9;PC;0;98;143501;;
ET-320GW;BAÑOS;LAVAMANOS POCETA LUXURY REDONDA DORADO / BLANCA;283050;555000;444000;333000;64;119;146;329;600;36x36;1;10;9;PC;0;99;143501;;
ET-320SILVER;BAÑOS;LAVAMANOS POCETA LUXURY REDONDA PLATA;601800;1180000;944000;708000;45;5;22;72;1900;36x36;1;10;9;PC;0;100;143501;;
ET-35;BAÑOS;LM4 LAVAMANOS GABINETE+MESON+ESPEJO;582930;1143000;914400;685800;145;11;47;203;1200;70X50;1;8;37.5;SET;3;170;143501;;
ET-36;BAÑOS;LM5 LAVAMANOS GABINETE+MESON+ESPEJO;394230;773000;618400;463800;38;132;66;236;1800;70X50;1;8;38;SET;3;171;143501;;
ET-37;ACCESORIOS;ESPEJO LED ANTI EMPAÑANTE OVALADO 70*50 CM;112000;175000;157500;140000;133;115;142;390;1400;1;1;1;1;PC;0;18;143501;;
ET-38;ACCESORIOS;ESPEJO LED -1 ANTI EMPAÑANTE REDONDO 70 CM;158080;247000;222300;197600;112;9;88;209;1500;1;1;1;1;PC;0;14;143501;;
ET-385SILVER;BAÑOS;LAVAMANOS POCETA LUXURY BLANCA PANAL PLATA REDONDA ;684420;1342000;1073600;805200;1;71;74;146;1900;40*40;1;10;9.5;PC;0;92;143501;;
ET-385GOLD-1;BAÑOS;LAVAMANOS POCETA LUXURY BLANCA PANAL DORADO REDONDA ;499800;980000;784000;588000;98;14;120;232;1600;40*40;1;10;9.5;PC;0;91;143501;;
ET-385GOLD-3;BAÑOS;LAVAMANOS POCETA LUXURY BLANCA DORADA / TRIANGULOS REDONDA ;519690;1019000;815200;611400;26;68;138;232;900;40*40;1;10;9.5;PC;0;88;143501;;
ET-39;ACCESORIOS;ESPEJO LED -2 ANTI EMPAÑANTE REDONDO 70 CM;172800;270000;243000;216000;97;7;84;188;1100;1;1;1;1;PC;0;15;143501;;
ET-40;ACCESORIOS;ESPEJO LED -3 ANTI EMPAÑANTE REDONDO 70 CM;372480;582000;523800;465600;57;38;72;167;1800;1;1;1;1;PC;0;16;143501;;
ET-41;ACCESORIOS;ESPEJO LED ANTI EMPAÑANTE RECTANGULAR 80*50 CM;177280;277000;249300;221600;145;61;33;239;800;1;1;1;1;PC;0;20;143501;;
ET-42;ACCESORIOS;ESPEJO LED ANTI EMPAÑANTE RECTANGULAR 70*50 CM;122240;191000;171900;152800;75;101;97;273;1000;1;1;1;1;PC;0;19;143501;;
ET-606;BAÑOS;LAVAMAMOS PEDESTAL BLANCO;53550;105000;84000;63000;95;150;100;345;1900;40X40X83;1;1;35;PC;0;172;143501;;
ET-606B;BAÑOS;LAVAMANOS PEDESTAL NEGRO;271830;533000;426400;319800;103;141;14;258;700;40X40X83;1;1;35;PC;0;173;143501;;
ET-608B;BAÑOS;LAVAMANOS POCETA NEGRA CUADRADA ;589560;1156000;924800;693600;121;32;101;254;700;36x36;1;10;9;PC;0;102;143501;;
ET-608G;BAÑOS;LAVAMANOS POCETA GRIS CUADRADA ;534990;1049000;839200;629400;130;26;126;282;600;36x36;1;10;9;PC;0;86;143501;;
ET-608W;BAÑOS;LAVAMANOS POCETA BLANCA CUADRADA ;326910;641000;512800;384600;60;144;63;267;900;36x36;1;10;9;PC;0;82;143501;;
ET-650GG;BAÑOS;LAVAMANOS POCETA LUXURY DORADA OVALADA ;496740;974000;779200;584400;38;86;60;184;1900;60*40;1;10;10.5;PC;0;94;143501;;
ET-881;BAÑOS;SANITARIO SMART ;748170;1467000;1173600;880200;129;111;1;241;2000;ONE PIECE;1;4;52;PC;0;157;143501;;
FB036;OTROS;FRAGUA BLANCA PROTECTOR;108800;170000;153000;136000;93;16;117;226;1300;2K;1;2;2;CAJA;0;196;143501;;
FR0036;OTROS;FRAGUA CORONA BLANCO /1CAJA/ 2K;17280;27000;24300;21600;45;84;0;129;1800;2K;1;2;2;CAJA;0;199;143501;;
FR-2515;OTROS;FRAGUA INPEGA COLOR GRIS;103680;162000;145800;129600;102;21;37;160;1900;2K;1;2;2;CAJA;0;200;143501;;
FS00CR00;PISOS;PORCELANATO CARRARA VETA CLARA;526320;1032000;825600;619200;52;65;20;137;600;60X60;1.44;0;21.5;CAJA;1;257;143501;;
FTN-01;SERVICIO;FLETE TERRESTRE NACIONAL INTERRAPIDISIMO;0;35000;0;0;66;120;119;305;1800;-;-;-;0;WSD;0;369;143501;;
GB30404;PISOS;PORCELANATO NEGRO ZAFIRO;572220;1122000;897600;673200;57;48;73;178;1500;60X120;1.44;32;25.5;CAJA;2;267;143501;;
GL5778;PISOS;PORCELANATO KERALA;648720;1272000;1017600;763200;61;84;124;269;1200;60X120;1.44;32;27;CAJA;2;262;143501;;
GP566798;PISOS;PORCELANATO HAMBURG GREY;45390;89000;71200;53400;118;84;26;228;1400;60X60;1.44;44;23;CAJA;4;334;143501;;
GP569935;PISOS;PORCELANATO GUYARAT;531420;1042000;833600;625200;18;33;45;96;1200;60X60;1.44;44;26.5;CAJA;4;333;143501;;
GP569936;PISOS;PORCELANATO OLEAN GREY;403410;791000;632800;474600;85;85;136;306;700;60X60;1.44;44;27;CAJA;4;347;143501;;
GP577857;PISOS;PORCELANATO PULPIS GRIS;657390;1289000;1031200;773400;38;100;136;274;1000;60X60;1.44;44;26.35;CAJA;4;351;143501;;
GP60601;PISOS;PORCELANATO GRIS STONE OSCURO;563550;1105000;884000;663000;127;89;52;268;800;60X60;1.44;40;27;CAJA;4;332;143501;;
GP60601A;PISOS;PORCELANATO GRIS STONE CLARO;172380;338000;270400;202800;66;25;74;165;1900;60X60;1.44;40;27;CAJA;4;331;143501;;
GP60602;PISOS;PORCELANATO CARRARA;722670;1417000;1133600;850200;46;124;30;200;1000;60X60;1.44;40;27;CAJA;4;321;143501;;
GP60607A;PISOS;PORCELANATO BEIGE PERLADO ;696150;1365000;1092000;819000;75;81;10;166;1400;60X60;1.44;40;27;CAJA;4;309;143501;;
GP60607B;PISOS;PORCELANATO CAFE PERLADO;539070;1057000;845600;634200;120;116;33;269;800;60X60;1.44;40;27;CAJA;4;312;143501;;
GP60607C;PISOS;PORCELANATO GRIS PERLADO;164730;323000;258400;193800;24;55;80;159;600;60X60;1.44;40;27;CAJA;4;330;143501;;
GP60618;PISOS;PORCELANATO PIEDRAS DORADAS;728790;1429000;1143200;857400;114;2;70;186;900;60X60;1.44;40;27;CAJA;4;350;143501;;
GP60619;PISOS;PORCELANATO BLANCO BRILLANTE;233070;457000;365600;274200;130;105;58;293;1000;60X60;1.44;40;27;CAJA;4;310;143501;;
GP60622;PISOS;PORCELANATO CUARZO GRIS;181050;355000;284000;213000;131;90;86;307;700;60X60;1.44;40;27;CAJA;4;324;143501;;
GP63223;PISOS;PORCELANATO MIAMI;572220;1122000;897600;673200;101;24;45;170;500;60X60;1.44;40;27;CAJA;4;340;143501;;
GP6667;PISOS;PORCELANATO CUARZO BEIGE;495210;971000;776800;582600;21;107;131;259;1400;60X60;1.44;40;27;CAJA;4;323;143501;;
GP70330;PISOS;PORCELANATO BARDIGIO NATURAL;389640;764000;611200;458400;103;57;41;201;1600;60X60;1.44;44;26.35;CAJA;4;308;143501;;
GP70331;PISOS;PORCELANATO BARDIGIO GRIS;253470;497000;397600;298200;93;39;16;148;1500;60X60;1.44;44;26.35;CAJA;4;307;143501;;
GP70482;PISOS;PORCELANATO MALIBU GRIS;589560;1156000;924800;693600;38;141;99;278;1300;60X60;1.44;44;26.35;CAJA;4;336;143501;;
GP7061201;PISOS;PORCELANATO CALCUTA GRIS;113220;222000;177600;133200;42;104;103;249;1000;60X120;2.16;32;32;CAJA;3;286;143501;;
GP7061234;PISOS;PORCELANATO CALACATTA GOLD;511530;1003000;802400;601800;1;116;115;232;700;60X120;2.16;32;32;CAJA;3;285;143501;;
GP80115;PISOS;PORCELANATO CALCATTA GOLD;295290;579000;463200;347400;145;14;86;245;1900;60X60;1.44;44;26.35;CAJA;4;320;143501;;
GP80222;PISOS;PORCELANATO AVENZO BLANCO;470730;923000;738400;553800;107;60;102;269;1000;60X60;1.44;44;26.35;CAJA;4;306;143501;;
GP902658;PISOS;PORCELANATO KAMPUR STAR;207570;407000;325600;244200;107;38;111;256;1900;60X120;2.16;32;32;CAJA;3;294;143501;;
GP902658-A;PISOS;PORCELANATO KAMPUR STAR;434520;852000;681600;511200;6;36;47;89;2000;60X120;1.44;68;22.7;CAJA;2;261;143501;;
GP903451;PISOS;PORCELANATO BOMBAY STAR;646170;1267000;1013600;760200;6;16;77;99;1700;60X120;2.16;32;26.5;CAJA;3;283;143501;;
GP905473;PISOS;PORCELANATO MANALI STAR;499290;979000;783200;587400;74;115;127;316;500;60X120;2.16;32;32;CAJA;3;296;143501;;
GP905473-A;PISOS;PORCELANATO MANALI STAR;683400;1340000;1072000;804000;115;51;47;213;1900;60X120;1.44;68;22.7;CAJA;2;265;143501;;
GRF-01;GRIFERIA;GRIFO 1;36480;57000;51300;45600;100;49;59;208;1300;61.3*55*52;1;2;4.5;PC;0;190;143501;;
GRF-02;GRIFERIA;GRIFO 2;123520;193000;173700;154400;147;118;145;410;1100;65.5*65.5*53;1;3;5.5;PC;0;191;143501;;
GRF-03;GRIFERIA;GRIFO 3;64640;101000;90900;80800;134;86;1;221;1800;58*44*49;1;4;6.5;PC;0;192;143501;;
GRF-04;GRIFERIA;GRIFO 4;21760;34000;30600;27200;39;134;129;302;700; 58*44*49;1;5;7.5;PC;0;193;143501;;
GRF-05;GRIFERIA;GRIFO 5;37760;59000;53100;47200;65;97;47;209;1400; 66*65*53;1;6;8.5;PC;0;194;143501;;
HG5577;PISOS;PORCELANATO SPIDER GOLD ;89250;175000;140000;105000;118;9;26;153;1300;60X120;1.44;64;26.5;CAJA;2;274;143501;;
IN-10101;OTROS;PEGANTE CERAMICO INPEGA ;99840;156000;140400;124800;138;45;130;313;600;25K;1;25;25;BULTO;0;202;143501;;
IN-9115;PISOS;PORCELANATO SALT-SOLUBLE BEIGE PLANO IVORY;159120;312000;249600;187200;140;138;96;374;1500;60X60;1.44;52;22.5;CAJA;4;355;143501;;
K318G;ACCESORIOS;ESPEJO 60X80 LED CUAD BORDE PL;71680;112000;100800;89600;43;48;31;122;900;1;1;1;1;PC;0;12;143501;;
K319G;ACCESORIOS;ESPEJO 60X80 LED RD BORDE PLAT;125440;196000;176400;156800;58;14;5;77;1800;1;1;1;1;PC;0;13;143501;;
LLG36001;PARED;PARED BLANCA PLANA PERU;696150;1365000;1092000;819000;72;9;16;97;600;30X60;1.62;60;24.5;CAJA;9;224;143501;;
LLG36040;PARED;PARED BARRANCA GOLD;355980;698000;558400;418800;133;58;102;293;2000;30X60;1.62;60;24.5;CAJA;9;223;143501;;
LLG36045;PARED;PARED RIOJA;270300;530000;424000;318000;137;34;34;205;500;30X60;1.62;60;24.5;CAJA;9;232;143501;;
LVP-01;BAÑOS;LAVAPLATOS ANTIRUIDO ;388620;762000;609600;457200;122;109;133;364;1000;800*500*150;1;1;3;PC;0;114;143501;;
LVP-03;BAÑOS;LAVAPLATOS ANTIRUIDO ;702780;1378000;1102400;826800;120;27;123;270;1800;1000*500*150;1;1;3.5;PC;0;115;143501;;
LVP-06;BAÑOS;LAVAPLATOS ANTIRUIDO ;517650;1015000;812000;609000;72;52;113;237;1900; 750*460*220;1;1;5;PC;0;116;143501;;
LYG63012AL;PARED;PARED CALLAO GRIS CLARO;610470;1197000;957600;718200;94;98;92;284;1400;30X60;1.62;60;24.5;CAJA;9;227;143501;;
OG63715D;PISOS;PORCELANATO TRAVERTINO NEGRO;634950;1245000;996000;747000;115;72;4;191;1700;60X60;1.44;40;27;CAJA;4;357;143501;;
OG66010;PISOS;PORCELANATO CALACATA LIMA;708390;1389000;1111200;833400;39;36;36;111;700;60X60;1.44;40;29;CAJA;4;316;143501;;
OG66011;PISOS;PORCELANATO CALACATA PIURA;524280;1028000;822400;616800;99;130;103;332;1200;60X60;1.44;40;27;CAJA;4;317;143501;;
OG66011;PISOS;PORCELANATO CALACATA PIURA;615570;1207000;965600;724200;46;19;27;92;1900;60X60;1.44;40;29;CAJA;4;318;143501;;
OG66021;PISOS;PORCELANATO AREQUIPA BEIGE;230010;451000;360800;270600;23;78;13;114;1700;60X60;1.44;40;29;CAJA;4;305;143501;;
OG66025;PISOS;PORCELANATO JUNIN CLARO;603330;1183000;946400;709800;120;121;78;319;700;60X60;1.44;40;29;CAJA;4;335;143501;;
OG66031;PISOS;PORCELANATO GOTAS;61200;120000;96000;72000;91;84;148;323;900;60X60;1.44;40;29;CAJA;4;329;143501;;
OG66037;PISOS;PORCELANATO MARMOLIZADO BEIGE;694620;1362000;1089600;817200;125;113;145;383;2000;60X60;1.44;40;29;CAJA;4;338;143501;;
OG66039;PISOS;PORCELAANTO INCA BEIGE;200430;393000;314400;235800;94;127;81;302;800;60X60;1.44;40;29;CAJA;4;303;143501;;
OG66040;PISOS;PORCELANATO CUSCO GRIS OSCURO;554370;1087000;869600;652200;128;110;1;239;1600;60X60;1.44;40;29;CAJA;4;327;143501;;
OG66044;PISOS;PORCELANATO CUSCO GRIS CLARO;370770;727000;581600;436200;17;21;21;59;1300;60X60;1.44;40;29;CAJA;4;326;143501;;
OG6615D;PISOS;PORCELANATO NEGRO ALASKA;545700;1070000;856000;642000;128;132;50;310;1800;60X60;1.44;44;25.5;CAJA;4;344;143501;;
OM0014;FACHADA;FACHADA CANDELARIA (OMICRON 14);96390;189000;151200;113400;26;88;6;120;1200;31X56;1.39;60;21;CAJA;8;183;143501;;
OM0016;FACHADA;FACHADA BRAZILIA (OMICRON 16);300900;590000;472000;354000;103;113;45;261;600;31X56;1.39;60;21;CAJA;8;182;143501;;
OM0020;FACHADA;FACHADA ROYAL (OMICRON 2);202980;398000;318400;238800;37;22;81;140;1900;31X56;1.39;60;21;CAJA;8;187;143501;;
OM0030;FACHADA;FACHADA NATURA (OMICRON 3);36210;71000;56800;42600;133;117;75;325;1900;31X56;1.39;60;21;CAJA;8;186;143501;;
OM0040;FACHADA;FACHADA ARIZONA (OMICRON 4);714000;1400000;1120000;840000;49;39;102;190;1200;31X56;1.39;60;21;CAJA;8;181;143501;;
OM0070;FACHADA;FACHADA FLORIDA (OMICRON 7);424320;832000;665600;499200;77;141;53;271;1400;31X56;1.39;60;21;CAJA;8;184;143501;;
OM0090;FACHADA;FACHADA GRAFITO (OMICRON 9);165240;324000;259200;194400;148;97;125;370;1100;31X56;1.39;60;21;CAJA;8;185;143501;;
P4164;PISOS;PORCELANATO ONIX GRIS;431970;847000;677600;508200;10;140;78;228;1200;60X60;1.44;40;27;CAJA;4;349;143501;;
P4165;PISOS;PORCELANATO ONIX BEIGE;503370;987000;789600;592200;8;74;101;183;1300;60X60;1.44;40;27;CAJA;4;348;143501;;
P61202VD;PISOS;PORCELANATO FIORITO ;341700;670000;536000;402000;131;82;62;275;1400;60X120;2.16;32;46;CAJA;3;291;143501;;
P61205VD;PISOS;PORCELANATO BLANCO ESTELAR;168300;330000;264000;198000;39;128;145;312;800;60X120;2.16;32;46;CAJA;3;282;143501;;
P61212VD;PISOS;PORCELANATO BLANCO ARTICO GOLD;442680;868000;694400;520800;133;36;32;201;1900;60X120;2.16;32;46;CAJA;3;281;143501;;
P61251;PISOS;PORCELANATO EVEREST;399840;784000;627200;470400;2;11;52;65;500;60X120;2.16;52;46;CAJA;3;290;143501;;
P61252;PISOS;PORCELANATO KIEV;587520;1152000;921600;691200;124;150;88;362;600;60X120;2.16;52;46;CAJA;3;295;143501;;
P61257;PISOS;PORCELANATO ESTATUARIA PURO ;311610;611000;488800;366600;120;93;145;358;600;60X120;2.16;32;46;CAJA;3;289;143501;;
P6646;PISOS;PORCELANATO VALDIVIA;460530;903000;722400;541800;124;83;61;268;600;60X60;1.44;44;27;CAJA;4;359;143501;;
P6650;PISOS;PORCELANATO AMPARO;500310;981000;784800;588600;12;106;64;182;600;60X60;1.44;44;27;CAJA;4;304;143501;;
P6675;PISOS;PORCELANATO CALACATA ROYAL;38250;75000;60000;45000;58;91;102;251;1300;60X61;1.44;44;27;CAJA;4;319;143501;;
P6676;PISOS;PORCELANATO CALACATA IMPERIAL;93330;183000;146400;109800;144;109;77;330;1400;60X62;1.44;44;27;CAJA;4;315;143501;;
PB3000;PISOS;PORCELANATO SUPER NEGRO JADE;380970;747000;597600;448200;20;141;46;207;1900;60X120;1.44;68;26.5;CAJA;2;278;143501;;
PC011;OTROS;PEGANTE CERAMICO PROTECTOR;181760;284000;255600;227200;9;64;139;212;1400;25K;1;25;25;BULTO;0;203;143501;;
PP004;OTROS;PEGANTE PORCELANICO INPEGA ;12160;19000;17100;15200;134;16;48;198;1300;25K;1;25;25;BULTO;0;204;143501;;
PP012;OTROS;PEGANTE PORCELANICO PROTECTOR;133120;208000;187200;166400;150;6;85;241;500;25K;1;25;25;BULTO;0;205;143501;;
S002C;BAÑOS;LAVAPLATOS INOX SELTOS CEPILLADO;181560;356000;284800;213600;116;83;1;200;1500;75*46*25;1;8;10.5;PC;0;119;143501;;
S002G;BAÑOS;LAVAPLATOS INOX SELTOS DORADO;395760;776000;620800;465600;59;72;110;241;1400;75*46*25;1;7;9.5;PC;0;120;143501;;
S003B;BAÑOS;LAVA PLATOS INOX SOULD NEGRO;723180;1418000;1134400;850800;32;101;94;227;800;80.5*50*26.7;1;11;13.5;PC;0;77;143501;;
S003C;BAÑOS;LAVAPLATOS INOX SOULD PLATEADO;755310;1481000;1184800;888600;34;147;61;242;1700;80.5*50*26.7;1;10;12.5;PC;0;122;143501;;
S003G;BAÑOS;LAVAPLATOS INOX SOULD DORADO;78540;154000;123200;92400;100;109;15;224;500;80.5*50*26.7;1;12;14.5;PC;0;121;143501;;
S004B;BAÑOS;LAVAPLATOS INOX STONIC NEGRO;395250;775000;620000;465000;82;145;38;265;1100;80.5*50*26.8;1;13;15.5;PC;0;124;143501;;
S004C;BAÑOS;LAVAPLATOS INOX STONIC PLATEADO;525810;1031000;824800;618600;105;137;3;245;1800;75*46*27;1;14;16.5;PC;0;125;143501;;
S004G;BAÑOS;LAVAPLATOS INOX STONIC DORADO;419730;823000;658400;493800;145;62;3;210;600;80.5*50*26.8;1;15;17.5;PC;0;123;143501;;
S005B;BAÑOS;LAVAPLATOS INOX NIRO NEGRO;654330;1283000;1026400;769800;57;144;149;350;700;80.5*50*26.8;1;9;11.5;PC;0;117;143501;;
S005C;BAÑOS;LAVAPLATOS INOX NIRO PLATEADO;316710;621000;496800;372600;43;67;52;162;1400;80.5*50*26.8;1;16;18.5;PC;0;118;143501;;
SH5779;PISOS;PORCELANATO GUYARAT;339660;666000;532800;399600;64;79;107;250;1900;60X120;1.44;32;27;CAJA;2;260;143501;;
SK402341;PISOS;PORCELANATO SINKER ALPES ;556920;1092000;873600;655200;81;10;88;179;1100;60X120;1.44;68;27;CAJA;2;270;143501;;
SK402342;PISOS;PORCELANATO SINKER AGRA ;495720;972000;777600;583200;108;95;142;345;1600;60X120;1.44;68;27;CAJA;2;269;143501;;
SK402343;PISOS;PORCELANATO SINKER CASTILLO ;25500;50000;40000;30000;36;74;94;204;1900;60X120;1.44;68;27;CAJA;2;271;143501;;
SK402344;PISOS;PORCELANATO SINKER OZUL;701250;1375000;1100000;825000;14;115;92;221;900;60X120;1.44;68;27;CAJA;2;272;143501;;
ST2208;PISOS;PORCELANATO SPARK BLANCO;6630;13000;10400;7800;137;61;44;242;1600;60X120;1.44;32;27;CAJA;2;273;143501;;
ST2213;PISOS;PORCELANATO STATUARIO BLANCO;606390;1189000;951200;713400;89;26;6;121;900;60X120;1.44;32;27;CAJA;2;275;143501;;
ST2216;PISOS;PORCELANATO KINDER BLANCO ;218280;428000;342400;256800;12;35;41;88;700;60X120;1.44;32;27;CAJA;2;263;143501;;
ST2235;PISOS;PORCELANATO PUMA GRIS ;56100;110000;88000;66000;42;107;70;219;1500;60X120;1.44;32;27;CAJA;2;268;143501;;
ST8901B;PISOS;PORCELANATO SUPER NEGRO ;441660;866000;692800;519600;86;39;65;190;700;60X120;1.44;32;27;CAJA;2;277;143501;;
ST8919C;PISOS;PORCELANATO GRIS PLAZA CLARO;132090;259000;207200;155400;102;110;79;291;1200;60X120;1.44;32;27;CAJA;2;258;143501;;
ST8919O;PISOS;PORCELANATO GRIS PLAZA OSCURO;301920;592000;473600;355200;116;49;10;175;1500;60X120;1.44;32;27;CAJA;2;259;143501;;
SW3200;PISOS;PORCELANATO SUPER BLANCO;311610;611000;488800;366600;58;35;3;96;1200;60X120;1.44;68;26.5;CAJA;2;276;143501;;
T3201;ACCESORIOS;ESPEJO LED 60X80;72320;113000;101700;90400;65;102;95;262;600;3;1;1;1;PC;0;17;143501;;
T63984;PISOS;PORCELANATO MILAN GOLD;171360;336000;268800;201600;68;116;93;277;1400;60X120;2.16;48;43;CAJA;3;297;143501;;
TEX4-A;ACCESORIOS;TAPETE JIRAFA;121600;190000;171000;152000;119;84;65;268;1400;60*60*1 SETX4;1;0;0;CAJA;4;60;143501;;
TEX4-B;ACCESORIOS;TAPETE NUMEROS;9600;15000;13500;12000;62;28;32;122;2000;60*60*1 SETX4;1;0;0;CAJA;4;67;143501;;
TEX4-C;ACCESORIOS;TAPETE KOALA;51840;81000;72900;64800;20;107;70;197;700;60*60*1 SETX4;1;0;0;CAJA;4;66;143501;;
TEX4-D;ACCESORIOS;TAPETE BALLENA;62080;97000;87300;77600;88;11;134;233;1300;60*60*1 SETX4;1;0;0;CAJA;4;62;143501;;
TEX4-E;ACCESORIOS;TAPETE UNICORNIO;37120;58000;52200;46400;57;2;23;82;1900;60*60*1 SETX4;1;0;0;CAJA;4;69;143501;;
TEX4-F;ACCESORIOS;TAPETE GRANJA;8320;13000;11700;10400;77;53;83;213;1600;60*60*1 SETX4;1;0;0;CAJA;4;64;143501;;
TEX4-G;ACCESORIOS;TAPETE ARDILLA;32640;51000;45900;40800;0;37;91;128;1500;60*60*1 SETX4;1;0;0;CAJA;4;61;143501;;
TEX4-H;ACCESORIOS;TAPETE BARCO;10880;17000;15300;13600;133;6;47;186;1700;60*60*1 SETX4;1;0;0;CAJA;4;63;143501;;
TEX4-I;ACCESORIOS;TAPETE OSO;22400;35000;31500;28000;141;135;8;284;1800;60*60*1 SETX4;1;0;0;CAJA;4;68;143501;;
TEX4-J;ACCESORIOS;TAPETE HELADOS;27520;43000;38700;34400;37;67;59;163;600;60*60*1 SETX4;1;0;0;CAJA;4;65;143501;;
TEX6-A;ACCESORIOS;TAPETE NUMEROS;7680;12000;10800;9600;89;108;21;218;1000;58*58*2;1;0;0;CAJA;6;72;143501;;
TEX6-B;ACCESORIOS;TAPETE BALLENA;33280;52000;46800;41600;22;130;134;286;800;58*58*2 SETX6;1;0;0;CAJA;6;71;143501;;
TEX6-C;ACCESORIOS;TAPETE PISTA;11520;18000;16200;14400;41;0;99;140;600;58*58*2 SETX6;1;0;0;CAJA;6;73;143501;;
TEX6-D;ACCESORIOS;TAPETE POLAR;25600;40000;36000;32000;74;103;56;233;1700;58*58*2 SETX6;1;0;0;CAJA;6;70;143501;;
TPB-A;ACCESORIOS;TAPETE PLEGABLE HUELLAS;18560;29000;26100;23200;110;1;88;199;1400;180*200*1;1;0;1;PAQUETE;0;25;143501;;
TPB-B;ACCESORIOS;TAPETE PLEGABLE TIGRE;22400;35000;31500;28000;55;75;42;172;1600;180*200*1;1;0;0;PAQUETE;0;31;143501;;
TPB-C;ACCESORIOS;TAPETE PLEGABLE JIRAFA;30080;47000;42300;37600;30;137;19;186;1900;180*200*1;1;0;1;PAQUETE;0;26;143501;;
TPB-D;ACCESORIOS;TAPETE PLEGABLE POLICIA;17920;28000;25200;22400;146;138;48;332;900;180*200*1;1;0;0;PAQUETE;0;30;143501;;
TPB-E;ACCESORIOS;TAPETE PLEGABLE ZEBRA;49280;77000;69300;61600;43;68;55;166;700;180*200*1;1;0;0;PAQUETE;0;21;143501;;
TPB-F;ACCESORIOS;TAPETE PLEGABLE ARBOLES;31360;49000;44100;39200;120;61;144;325;1700;180*200*1;1;0;0;PAQUETE;0;22;143501;;
TPB-G;ACCESORIOS;TAPETE PLEGABLE PISTA OSO;33920;53000;47700;42400;141;91;120;352;900;180*200*1;1;0;0;PAQUETE;0;28;143501;;
TPB-H;ACCESORIOS;TAPETE PLEGABLEJIRAFA BUFANDA;10880;17000;15300;13600;22;92;78;192;1900;180*200*1;1;0;0;PAQUETE;0;33;143501;;
TPB-I;ACCESORIOS;TAPETE PLEGABLE PISTA 2;63360;99000;89100;79200;123;142;125;390;1600;180*200*1;1;0;1;PAQUETE;0;27;143501;;
TPB-J;ACCESORIOS;TAPETE PLEGABLE POLAR;58240;91000;81900;72800;124;60;13;197;600;180*200*1;1;0;0;PAQUETE;0;29;143501;;
TPB-P;ACCESORIOS;TAPETE PLEGABLE CARRUSEL;42240;66000;59400;52800;107;51;143;301;1000;180*200*1;1;0;0;PAQUETE;0;23;143501;;
TPB-Y;ACCESORIOS;TAPETE PLEGABLE CONEJO;32640;51000;45900;40800;106;103;39;248;1400;180*200*1;1;0;1;PAQUETE;0;24;143501;;
TPB-Z;ACCESORIOS;TAPETE PLEGABLE ZORRO;56960;89000;80100;71200;103;8;111;222;1900;180*200*1;1;0;1;PAQUETE;0;32;143501;;
W3641;PARED;PARED CAJAMARCA;374340;734000;587200;440400;37;103;35;175;700;30X60;1.62;60;24.5;CAJA;9;226;143501;;
W3642;PARED;PARED AYACUCHO;435540;854000;683200;512400;94;32;150;276;900;30X60;1.62;60;24.5;CAJA;9;222;143501;;
W3648;PARED;PARED BURGOS;538560;1056000;844800;633600;85;48;38;171;1900;30X60;1.8;60;24.5;CAJA;10;236;143501;;
W3652;PARED;PARED ZAMORA;596190;1169000;935200;701400;79;115;27;221;1000;30X60;1.8;60;24.5;CAJA;10;256;143501;;
W3655;PARED;PARED PAMPLONA;389640;764000;611200;458400;123;128;85;336;900;30X60;1.8;60;24.5;CAJA;10;250;143501;;
W3657;PARED;PARED TOLEDO;374340;734000;587200;440400;136;33;108;277;1700;30X60;1.8;60;24.5;CAJA;10;254;143501;;
W3662;PARED;PARED BILBAO;27540;54000;43200;32400;86;5;54;145;1500;30X60;1.8;60;24.5;CAJA;10;234;143501;;
W3664;PARED;PARED SEGOVIA;365670;717000;573600;430200;113;55;145;313;900;30X60;1.8;60;24.5;CAJA;10;251;143501;;
W3665;PARED;PARED MURCIA;246330;483000;386400;289800;68;52;25;145;1800;30X60;1.8;60;24.5;CAJA;10;247;143501;;
W3669;PARED;PARED LUGO;267750;525000;420000;315000;125;5;67;197;900;30X60;1.8;60;24.5;CAJA;10;246;143501;;
W3671;PARED;PARED GIRONA;675240;1324000;1059200;794400;56;23;40;119;1400;30X60;1.8;60;24.5;CAJA;10;239;143501;;
XYS066;PISOS;PORCELANATO CAIRO GOLD;308040;604000;483200;362400;121;108;37;266;2000;60X120;2.16;48;43;CAJA;3;284;143501;;
YMP66133G;PISOS;PORCELANATO ETIOPE;530910;1041000;832800;624600;66;139;25;230;1400;60X60;1.44;40;28.5;CAJA;4;328;143501;;
YMP66137G;PISOS;PORCELANATO CAIRO;147390;289000;231200;173400;108;18;117;243;700;60X60;1.44;40;28.5;CAJA;4;313;143501;;
ZY66184;PISOS;PORCELANATO CALACATA;332520;652000;521600;391200;80;122;91;293;2000;60X60;1.44;40;27;CAJA;4;314;143501;;
