id;nombres;apellidos;razonSocial;tipoPersona;tipoIdentificacion;noIdentificacion;dv;contacto;nombreComercial;direccion;ciudad;codigoCiudad;departamento;codigoDepartamento;asesorComercial;telefono1;telefono2;email2;cupoCredito;maximoFacturas;estado;email2;;;;;;;;;;;;
1;JOSE ALVEIRO;GALLEGO PEREZ;CERAMICAS CONSTRUHOGAR 2;13 - NATURAL;CC;16746721;2;JOSE ALVEIRO GALLEGO PEREZ;-;CR 8 73-25;CALI;76001;VALLE DEL CAUCA;76;BLADIMIR DIAZ;3148695626;;;0;1;activo;;;;;;;;;;;;;
2;DISTRICERAMICAS DEL;NORTE ;DISTRICERAMICAS DEL NORTE ;13 - NATURAL;CC;29756089;5;LUZ NELLY CARDONA BOETRO;-;CL 10 2 46 ROLDANILLO ;CALI;76001;VALLE DEL CAUCA;76;BLADIMIR DIAZ;316 6295449;;;0;1;activo;;;;;;;;;;;;;
3;; ;ALMACEN CONSTRUCALI ;13 - NATURAL;CC;55990044;1;MARI LUZ MOTA;-;CL 15 # 11-53;CALI;76001;VALLE DEL CAUCA;76;BLADIMIR DIAZ;3188367460;;;0;1;activo;;;;;;;;;;;;;
4;DIEGO FERNANDO;CEDEÑO BEJARANO;OUTLET DE LA CERAMICA LA 15;13 - NATURAL;CC;94417216;7;OUTLET DE LA CERAMICA LA 15;-;CL 15  18 A 05;CALI;76001;VALLE DEL CAUCA;76;BLADIMIR DIAZ;3136005116;;;0;1;activo;;;;;;;;;;;;;
5;ALEXANDER ;BONILLA ;ALEXANDER BONILLA ;13 - NATURAL;CC;94448020;;ALEXANDER BONILLA ;-;SANTANDER DE QUILICHAO ;CALI;76001;VALLE DEL CAUCA;76;BLADIMIR DIAZ;;;;0;1;activo;;;;;;;;;;;;;
6;BRAYAN ARNULFO;PARRA RUIZ;"DISTRIBUCIONES NYG (MARINO TULUA)
";13 - NATURAL;CC;1116258517;6;"DISTRIBUCIONES NYG (MARINO TULUA)
";"DISTRIBUCIONES NYG (MARINO TULUA)
";CL 25 20 18 EL CENTRO DE TULUA ;CALI;76001;VALLE DEL CAUCA;76;BLADIMIR DIAZ;3157240129;;;0;1;activo;;;;;;;;;;;;;
7;MARIA ALEJANDRA;OLAYA ;MARIA ALEJANDRA OLAYA ;13 - NATURAL;CC;1116262652;;MARIA ALEJANDRA OLAYA ;-;CLL 28  · 24  36    CENTRO ;CALI;76001;VALLE DEL CAUCA;76;BLADIMIR DIAZ;;;;0;1;activo;;;;;;;;;;;;;
8;JESICA ALEXANDRA;BUITRAGO ;CERAMIC PALLETS;13 - NATURAL;CC;1130596605;;CERAMIC PALLETS;-;CALLE 15 #22-23;CALI;76001;VALLE DEL CAUCA;76;BLADIMIR DIAZ;3184483186;;;0;1;activo;;;;;;;;;;;;;
9;HEIBER AGUSTIN;VARGAS ALVAREZ;HEIBER AGUSTIN VARGAS ALVAREZ;13 - NATURAL;CC;5829743;1;HEIBER;CERAMICA VIDA Y FUTURO;CL 15 21 67;CALI;76001;VALLE DEL CAUCA;76;CIELO VILLAMIZAR;3161792224;;heibervar13@gmail.com;0;1;activo;;;;;;;;;;;;;
10;CARLOS ;AREVALO ;CARLOS AREVALO;13 - NATURAL;CC;7547307;;VICTOR GARCIA;CARLOS AREVALO;-;CALI;76001;VALLE DEL CAUCA;76;VICTOR GARCIA;3114583790;;;0;1;activo;;;;;;;;;;;;;
11;JOSE FERNANDO;VOZMEDIANO RENGIFO;JOSE FERNANDO VOZMEDIANO RENGIFO;13 - NATURAL;CC;16759513;;JOSE FERNANDO VOZMEDIANO RENGIFO;-;CL 117#25-85;CALI;76001;VALLE DEL CAUCA;76;CIELO VILLAMIZAR;3168297444;;;0;1;activo;;;;;;;;;;;;;
12;WILSON DE JESUS;VERA PEREZ;WILSON DE JESUS VERA PEREZ;13 - NATURAL;CC;16765469;1;WILSON/LUCERO;CERAMIC CENTER;CL 15 12 91;CALI;76001;VALLE DEL CAUCA;76;CIELO VILLAMIZAR;3107918723;;ceramicenterfelectronica@gmail.com;0;1;activo;;;;;;;;;;;;;
13;JHON STEILER;RESTREPO ROBLEDO;JHON STEILER RESTREPO ROBLEDO;13 - NATURAL;CC;16846810;9;JHON STEILER RESTREPO ROBLEDO;-;CL 15 11 17;CALI;76001;VALLE DEL CAUCA;76;CIELO VILLAMIZAR;3136974423;;johnsteiler@hotmail.com;0;1;activo;;;;;;;;;;;;;
14;MARIA BERNANRDA;CASTAÑO CHICA;MARIA BERNANRDA CASTAÑO CHICA;13 - NATURAL;CC;31282743;6;MARIA BERNARDA CASTAÑO CHICA;SOMOS REPUESTOS;CR 15 9B 02;CALI;76001;VALLE DEL CAUCA;76;BLADIMIR DIAZ;6023741812;3176480416;factelectonica.somosrepuestos@gmail.com;0;1;activo;;;;;;;;;;;;;
15;MARIA ESMERALDA;ALBA CANAVAL;MARIA ESMERALDA ALBA CANAVAL;13 - NATURAL;CC;31898738;3;ESMERALDA;-;CR 106 12 B 164CA 08 UR JOCKEY CLUB II;CALI;76001;VALLE DEL CAUCA;76;BLADIMIR DIAZ;3113245983;;mariae-alba@hotmail.com;0;1;activo;;;;;;;;;;;;;
16;MIREYA VALENCIA;GUTIERREZ ;MIREYA VALENCIA GUTIERREZ;13 - NATURAL;CC;34660117;8;MIREYA VALENCIA ;CENTRO CERAMICAS ;CL 15 # 12-85;CALI;76001;VALLE DEL CAUCA;76;CIELO ALDANA VILLAMIZAR;3117182901;;mireyavalenciagutierrez@gmail.com;0;1;activo;;;;;;;;;;;;;
17;SYLVIA LORENA;ROJAS FIQUEROA;SYLVIA LORENA ROJAS FIQUEROA;13 - NATURAL;CC;38644410;9;DARIO;LA MORZA;CR 10 17 19;CALI;76001;VALLE DEL CAUCA;76;BLADIMIR DIAZ;3183114835;;syloro3112@hotmail.com;0;1;activo;;;;;;;;;;;;;
18;OMAIRA MUÑOZ;PULGARIN ;OMAIRA MUÑOZ PULGARIN;13 - NATURAL;CC;42020062;5;OMAIRA MUÑOZ PULGARIN;CENTRO CERAMICAS CALI;CR 1 D 1    52 141;CALI;76001;VALLE DEL CAUCA;76;BLADIMIR DIAZ;3123813291;;centroceramicascali@gmail.com;0;1;activo;;;;;;;;;;;;;
19;MARIA DEL CARMEN;ARAMBURO CRUZ;MARIA DEL CARMEN ARAMBURO CRUZ;13 - NATURAL;CC;66815269;;ALEX MONTACARGA;MARIA DEL CARMEN ARAMBURO CRUZ;CRA 1A 7BIS 73A 59;CALI;76001;VALLE DEL CAUCA;76;BLADIMIR DIAZ;3054174587;;na@gmail.com;0;1;activo;;;;;;;;;;;;;
20;ADRIANA GONZALEZ;RODRIGUEZ ;ADRIANA  GONZALEZ RODRIGUEZ;13 - NATURAL;CC;66838085;3;ADRIANA RODRIGUEZ;EL MUNDO DE LOS ACABADOS;CL 15  10 31;CALI;76001;VALLE DEL CAUCA;76;CIELO VILLAMIZAR;3176473279;;gerasesorias@gmail.com;0;1;activo;;;;;;;;;;;;;
21;RUBEN DARIO;QUINTERO LARA;RUBEN DARIO QUINTERO LARA;13 - NATURAL;CC;94394694;3;SANDRA BERNAL;-;CL 4 40 N 157;CALI;76001;VALLE DEL CAUCA;76;CIELO VILLAMIZAR;4180808;3155568191;rquintero@recamier.com;0;1;activo;;;;;;;;;;;;;
22;HAROLD MAURICIO;GALVIS ;HAROLD MAURICIO GALVIS;13 - NATURAL;CC;94486456;2;HAROLD MAURICIO GALVIS;-;CRA  24 B 4 72 D 35;CALI;76001;VALLE DEL CAUCA;76;CIELO VILLAMIZAR;3207796919;3148642024;galvisharold095@gmail.com;0;1;activo;;;;;;;;;;;;;
23;ANDRES FELIPE;CALAPSU MEDINA;ANDRES FELIPE CALAPSU MEDINA;13 - NATURAL;CC;1107054320;3;ERIKA  VARGAS;ACABADOS MODERNOS;CL 15 21  42;CALI;76001;VALLE DEL CAUCA;76;CIELO VILLAMIZAR;3104639147;3128801138;marianacalapsu@gmail.com;0;1;activo;;;;;;;;;;;;;
24;NELSON ENRIQUE;MORENO MONCALEANO;NELSON ENRIQUE MORENO MONCALEANO;13 - NATURAL;CC;1112472067;5;NELSON ENRIQUE MORENO MONCALEANO;DISTRICONS KA-SA;CL 81 7D BIS 34 BRR ALFONSO LOPEZ 1;CALI;76001;VALLE DEL CAUCA;76;BLADIMIR DIAZ;3158119506;;nelson.g12@hotmail.com;0;1;activo;;;;;;;;;;;;;
25;JHON JAIRO;OSORIO TORRES;JHON JAIRO OSORIO TORRES;13 - NATURAL;CC;1113310758;5;JOHN JAIRO;0;CL 70 9 29;CALI;76001;VALLE DEL CAUCA;76;BLADIMIR DIAZ;3015971155;;jhonosorio115@gmail.com;0;1;activo;;;;;;;;;;;;;
26;JOHN EDINSON;AGUDELO JARAMILLO;JOHN EDINSON AGUDELO JARAMILLO;13 - NATURAL;CC;1116733981;8;JOHN EDINSON;MATERIALES JARAMILLO;CR 8 71 17;CALI;76001;VALLE DEL CAUCA;76;CIELO VILLAMIZAR;3208293694;;alci-0820@hotmail.com;0;1;activo;;;;;;;;;;;;;
27;ANDRES FELIPE;TRUJILLO SALAZAR;ANDRES FELIPE TRUJILLO SALAZAR;13 - NATURAL;CC;1130593074;1;ANDRES ;ANDRES;CL 48 28 G 66;CALI;76001;VALLE DEL CAUCA;76;BLADIMIR DIAZ;3046321408;4452242;feloandres12@hotmail.es;0;1;activo;;;;;;;;;;;;;
28;LUIS CARLOS;BETANCOURTH TORRES;LUIS CARLOS BETANCOURTH TORRES;13 - NATURAL;CC;1130668882;1;LUIS CARLOS BETANCOURTH TORRES;SERVI HOME MANTENIMIENTO Y RESTAURACION;CL 53 98 91 AP 903 TO 3;CALI;76001;VALLE DEL CAUCA;76;BLADIMIR DIAZ;3156705738;;servihomecali@gmail.com;0;1;activo;;;;;;;;;;;;;
29;NICOLAS MEDINA;SALGADO ;NICOLAS MEDINA SALGADO;13 - NATURAL;CC;1143879503;6;NICOLAS MEDINA;-;CR 9 70 09;CALI;76001;VALLE DEL CAUCA;76;CIELO VILLAMIZAR;3153427274;3187019530;nmedinas.empresarial@gmailcom;0;1;activo;;;;;;;;;;;;;
30;KATERIN JOANA;MANCILLA SANCHEZ;KATERIN JOANA MANCILLA SANCHEZ;13 - NATURAL;CC;1143949199;0;FAUNER;JF FERRETERIA;CL 16 11 64 BRR SUCRE;CALI;76001;VALLE DEL CAUCA;76;BLADIMIR DIAZ;317636411;;kjmancilla92@gmail.com;0;1;activo;;;;;;;;;;;;;
31;NERLLY TATIANA;COQUEZ RENDON;NERLLY TATIANA COQUEZ RENDON;13 - NATURAL;CC;1144098244;5;NERLLY TATIANA;-;CL 19 # 36 B 22;CALI;76001;VALLE DEL CAUCA;76;BLADIMIR DIAZ;3862312;3188038227;tatianacoquez@hotmail.com;0;1;activo;;;;;;;;;;;;;
32;YULLY MARCELA;MARTINEZ PEÑALOZA;YULLY MARCELA MARTINEZ PEÑALOZA;13 - NATURAL;CC;1144195670;5;CARLOS ANDRES MUÑOZ FLORES;DECOR PROYECTOS;CL 10 40A 78 LC;CALI;76001;VALLE DEL CAUCA;76;CIELO  VILLAMIZAR;3226530852;;marcela.martinez.96@hotmail.com;0;1;activo;;;;;;;;;;;;;
33;JUAN DAVID;CALDERON ;JUAN DAVID CALDERON;13 - NATURAL;CC;1151938089;;JUAN DAVID CALDERON;-;CR 28 D1 #72 V31;CALI;76001;VALLE DEL CAUCA;76;CIELO ALDANA VILLAMIZAR;3057623530;;;0;1;activo;;;;;;;;;;;;;
34;PAOLA ANDREA;ORTIZ CHATE;PAOLA ANDREA ORTIZ CHATE;13 - NATURAL;CC;1151946154;5;PAOLA ANDREA ORTIZ CHATE;INTERECERAMICAS PAZ;CL 15 11 83;CALI;76001;VALLE DEL CAUCA;76;BLADIMIR DIAZ;3108289098;;paolaortiz425@gmail.com;0;1;activo;;;;;;;;;;;;;
35;DIEGO BARCO;GARCIA ;DIEGO BARCO GARCIA;13 - NATURAL;CC;1234191739;;DIEGO BARCO GARCIA;-;CALLE 15 53  125;CALI;76001;VALLE DEL CAUCA;76;BLADIMIR DIAZ;3188216764;;diegojans97@hotmail.com;0;1;activo;;;;;;;;;;;;;
36;ALVARO MOTTA;ARTUNDUAGA ;ALVARO MOTTA ARTUNDUAGA;13 - NATURAL;CC;4948472;7;ALVARO MOTA ;PISOS Y ACABADOS DE COLOMBIA  ( HEIBER O NELLY);CL 15 # 11-49;CALI;76001;VALLE DEL CAUCA;76;BLADIMIR DIAZ;3122654386;8831247;alvaromotta223@gmail.com;0;1;activo;;;;;;;;;;;;;
37;HENRY ALONSO;ZAPATA ;HENRY ALONSO ZAPATA;13 - NATURAL;CC;6429687;4;VICTOR;ACABADOS MULTICERAMICA( LOS PILLOS);CR 9 73 88;CALI;76001;VALLE DEL CAUCA;76;BLADIMIR DIAZ;3162905727;;henry.zapata23@hotmail.com;0;1;activo;;;;;;;;;;;;;
38;OSCAR MAURICIO;CORRALES BUITRAGO;OSCAR MAURICIO CORRALES BUITRAGO;13 - NATURAL;CC;9915304;4;OSCAR MAURICIO CORRALES BUITRAGO;-;AV 32 OESTE 11 85;CALI;76001;VALLE DEL CAUCA;76;BLADIMIR DIAZ;3153879759;;yuliceb@hotmail.com;0;1;activo;;;;;;;;;;;;;
39;JHON JAIRO;CAICEDO MURILLO;JHON JAIRO CAICEDO MURILLO;13 - NATURAL;CC;11636835;3;JHON JAIRO CAICEDO MURILLO ;CERAMICAS Y ACABADOS MYM;DG 23#29B 64 COLSEGUROS ;CALI;76001;VALLE DEL CAUCA;76;CIELO VILLAMIZAR;4225859;3164815226;jhonjcm1975@hotmail.com;0;1;activo;;;;;;;;;;;;;
40;JULIO CESAR;PAZ RODRIGUEZ;JULIO CESAR PAZ RODRIGUEZ;13 - NATURAL;CC;14637995;9;JULIO CESAR PAZ RODRIGUEZ;INTERCERAMICAS PAZ GUAYAQUIL ;CL 15 21 42;CALI;76001;VALLE DEL CAUCA;76;CIELO VILLAMIZAR;3183038424;;jucepaz24@hotmail.com;0;1;activo;;;;;;;;;;;;;
41;FABIO NELSON;RODRIGUEZ SINISTERRA;FABIO NELSON RODRIGUEZ SINISTERRA;13 - NATURAL;CC;14652107;8;OSITO;LUJO CERAMICAS;CR 9 73 47 P 1;CALI;76001;VALLE DEL CAUCA;76;CIELO VILLAMIZAR;3178937548;6022615772;fabionelson_82@hotmail.com;0;1;activo;;;;;;;;;;;;;
42;MARIA RAQUEL;PAZ SANCHEZ;MARIA RAQUEL PAZ SANCHEZ;13 - NATURAL;CC;14675752;8;MARIA RAQUEL -LUIS ;CERAMIX;CRA 26  A 1 73 A 63 B. ALIRIO MORA BELTRAN ;CALI;76001;VALLE DEL CAUCA;76;BLADIMIR DIAZ;3172505475;6024224353;luispaz832011@hotmail.com;0;1;activo;;;;;;;;;;;;;
43;JOHN JAIVER;MONCAYO OME;JOHN JAIVER MONCAYO OME;13 - NATURAL;CC;16460049;1;JOHN JAIVER MONCAYO OME;FORRO DE UJOS LA 13;CL  13 17 15 B. GUAYAQUIL ;CALI;76001;VALLE DEL CAUCA;76;BLADIMIR DIAZ;3057494999;6024030106;jhonsivem@gmail.com;0;1;activo;;;;;;;;;;;;;
44;CESAR ALEJANDRO;CAMARGO GOMEZ;CESAR ALEJANDRO CAMARGO GOMEZ;13 - NATURAL;CC;16463075;7;CESAR ALEJANDRO CAMARGO GOMEZ;-;CR 8 13 100 LC E Z 44 EZ 47;CALI;76001;VALLE DEL CAUCA;76;DOMESTIKO SAS FIBRA;3185780782;;cesarpeluches@hotmail.com;0;1;activo;;;;;;;;;;;;;
45;HEBERT HURTADO;MUÑOZ ;HEBERT HURTADO MUÑOZ ;13 - NATURAL;CC;16618074;7;JOHANA HURTADO;FERRETERIA FOREVER;CRA 8 72B 41 B. ALFONZO LOPEZ;CALI;76001;VALLE DEL CAUCA;76;BLADIMIR DIAZ;3187130491;;facturacionferreforever@hotmail.com;0;1;activo;;;;;;;;;;;;;
46;; ;CERAMICAS JEFF;13 - NATURAL;CC;16711221;0;HENRY GOMEZ/ OTONIEL ;CERAMICAS JEFF;CL 15 11 05;CALI;76001;VALLE DEL CAUCA;76;BLADIMIR DIAZ;3041158269;8940156;hengomelmejor@gmail.com;0;1;activo;;;;;;;;;;;;;
47;ARLES GUTIERREZ;TORRES ;ARLES GUTIERREZ TORRES;13 - NATURAL;CC;16773230;2;ARLES GUTIERREZ TORRES;GOOD S CENTER ;CR 8 72 B71 B. ALFONSO LOPEZ ;CALI;76001;VALLE DEL CAUCA;76;BLADIMIR DIAZ;3186066668;;goodscenter1@gmail.com;0;1;activo;;;;;;;;;;;;;
48;LUIS JAIRO;BENAVIDES DELGADO;LUIS JAIRO BENAVIDES DELGADO ;13 - NATURAL;CC;16778722;7;19205921;ALMACEN OPEN DE MARKET;CL 15 12 49;CALI;76001;VALLE DEL CAUCA;76;CIELO VILLAMIZAR;3194437326;6028802247;almacenopenmarket@gmail.com;0;1;activo;;;;;;;;;;;;;
49;OSWALDO MONTES;BARONA ;OSWALDO MONTES BARONA;13 - NATURAL;CC;16829698;;OSWALDO MONTES ;OBRA BLANCA;CL 15 #13-35;CALI;76001;VALLE DEL CAUCA;76;CIELO VILLAMIZAR;3105368674;;montesoswaldo4@gmail.com;0;1;activo;;;;;;;;;;;;;
50;HARLING POTES;LOZANO ;HARLING POTES LOZANO;13 - NATURAL;CC;16919547;0;HARLING POTES LOZANO;TU HOGAR;CRA 26 M6 121 45;CALI;76001;VALLE DEL CAUCA;76;CIELO VILLAMIZAR;3116725402;;harling24@gmail.com;0;1;activo;;;;;;;;;;;;;
51;VICTOR ELVER;GARCIA LOPEZ;VICTOR ELVER GARCIA LOPEZ;13 - NATURAL;CC;16932257;3;VICTOR ELVER GARCIA LOPEZ;MOMPOX DISEÑO E INNOVACION;CRA4AN 72 B 49 B. GUADUALES;CALI;76001;VALLE DEL CAUCA;76;BLADIMIR DIAZ;3225136263;;16932257@recepcionde facturas.co;0;1;activo;;;;;;;;;;;;;
52;LUIS FERNANDO;VARELA ZUÑIGA;LUIS FERNANDO VARELA ZUÑIGA;13 - NATURAL;CC;16939315;4;LUIS FERNANDO VARELA ZUÑIGA ;MEGACERAMICAS LA 15;CL 15 11 99 B.SUCRE;CALI;76001;VALLE DEL CAUCA;76;BLADIMIR DIAZ;3156294006;3105083335;nandovz10@hotmail.com;0;1;activo;;;;;;;;;;;;;
53;SONIA ESCOBAR;GOMEZ ;SONIA ESCOBAR GOMEZ;13 - NATURAL;CC;29433295;1;KAREN MILLAN/ DEISY / TATIANA ;CERAMICAS Y PISOS LA 15;CL 26 83 C 40;CALI;76001;VALLE DEL CAUCA;76;CIELO VILLAMIZAR;;;karen-1125@hotmail.com;0;1;activo;;;;;;;;;;;;;
54;CONSUELO SALGADO;MONTOYA ;CONSUELO SALGADO MONTOYA;13 - NATURAL;CC;31953979;7;CONSUELO SALGADO MONTOYA;ONCERAMIC;MONTEBELLO;CALI;76001;VALLE DEL CAUCA;76;BLADIMIR DIAZ;3127318054;;consalmo02@hotmail.com;0;1;activo;;;;;;;;;;;;;
55;OLIVIA DEL SOCORRO;GONZALEZ MUÑOS;OLIVIA DEL SOCORRO GONZALEZ MUÑOS ;13 - NATURAL;CC;32543279;4;JAMES;CERAMICAS Y ENCHAPES;CRA 8 70 82 ;CALI;76001;VALLE DEL CAUCA;76;BLADIMIR DIAZ;;;ogonzalezmunoz@yahoo.com;0;1;activo;;;;;;;;;;;;;
56;FRANCY GISELA;LUCIO SALAZAR;FRANCY GISELA LUCIO SALAZAR;13 - NATURAL;CC;38562092;7;FRANCY GISELA LUCIO SALAZAR;CONSTRUCENTRO LA 15;CR15 11 111 LC ;CALI;76001;VALLE DEL CAUCA;76;CIELO VILLAMIZAR;3175850148;;aurisalazar1@hotmail.com;0;1;activo;;;;;;;;;;;;;
57;GLORIA STELLA;GAVIRIA SALAMANCA;GLORIA STELLA GAVIRIA SALAMANCA;13 - NATURAL;CC;43512176;1;0;GLOBAL HARDWARE;CL 11 1 07 ED JORGE GARCEZ BORRERO OF 509;CALI;76001;VALLE DEL CAUCA;76;BLADIMIR DIAZ;4101726;3207333382;gloriagav@hotmail.com;0;1;activo;;;;;;;;;;;;;
58;DIANA MILENA;RESTREPO SALAZAR;DIANA MILENA RESTREPO SALAZAR;13 - NATURAL;CC;66928292;;DIANA MILENA RESTREPO SALAZAR;FERROCERAMICAS RESTREPO ;CR 47 40 73;CALI;76001;VALLE DEL CAUCA;76;BLADIMIR DIAZ;3128844710;3065999;dmilenar123@gmail.com;0;1;activo;;;;;;;;;;;;;
59;MARILUZ GIRALDO;MEJIA ;MARILUZ GIRALDO MEJIA ;13 - NATURAL;CC;66966368;0;MARILUZ GIRALDO MEJIA ;-;CL 106 33-66;CALI;76001;VALLE DEL CAUCA;76;BLADIMIR DIAZ;3103818505;;homedekor2023@gmail.com;0;1;activo;;;;;;;;;;;;;
60;ROSE MELY;ACEVEDO MONTILLA;ROSE MELY ACEVEDO MONTILLA ;13 - NATURAL;CC;67021110;6;ROSE MELY ACEVEDO MONTILLA ;CERAMICAS Y ACABADOS 1A;CRA 27 91 72 B. BONILLA ARAGON;CALI;76001;VALLE DEL CAUCA;76;BLADIMIR DIAZ;3163533517;4221294;rochi.acemo@hotmail.com;0;1;activo;;;;;;;;;;;;;
61;KAREN MARYERI;UREÑA ;KAREN MARYERI UREÑA;13 - NATURAL;CC;67032728;4;KAREN MARYERI MANCHOLA URUEÑA;UNIVERSAL DE CERAMICAS Y ACABADOS UNO;CR 5 21 17;CALI;76001;VALLE DEL CAUCA;76;BLADIMIR DIAZ;3105081946;;uceramicaacabados1@gmail.com;0;1;activo;;;;;;;;;;;;;
62;OSCAR ALIRIO;GIRALDO SALAZAR;OSCAR ALIRIO GIRALDO SALAZAR;13 - NATURAL;CC;72014814;1;OSCAR ALIRIO GIRALDO SALAZAR;VARIEDADES YAJAIRA;CRA 9 13 A 40 LC 210-211 CC EL FUTURO ;CALI;76001;VALLE DEL CAUCA;76;BLADIMIR DIAZ;3156981138;;variedadesyajaira@gmail.com;0;1;activo;;;;;;;;;;;;;
63;ARBEY VANEGAS;BARRERA ;ARBEY VANEGAS BARRERA;13 - NATURAL;CC;79395042;1;ARBEY VANEGAS BARRERA;SURTICERAMICAS LA 15;CL 15 12 09 12 43;CALI;76001;VALLE DEL CAUCA;76;BLADIMIR DIAZ;8831610;8899228;surti.ceramicas.la10@hotmail.com;0;1;activo;;;;;;;;;;;;;
64;DIEGO LUIS;PINILLA VILLAFAÑE;SURTICERAMICAS LA OCTAVA ;13 - NATURAL;CC;79456717;7;DIEGO LUIS PINILLA VILLAFAÑE;SURTICERAMICAS LA OCTAVA ;CRA 8 72 62;CALI;76001;VALLE DEL CAUCA;76;BLADIMIR DIAZ;3232905895;;surticeramicas@sanplaza.com.co;0;1;activo;;;;;;;;;;;;;
65;ELIECER ;BERNAL ;ELIECER BERNAL ;13 - NATURAL;CC;94255458;6;ELIECER BERNAL ;ACABADOS DISTRILOPEZ;CR 8 72 B 47 B. ALFONZO;CALI;76001;VALLE DEL CAUCA;76;BLADIMIR DIAZ;3165284660/662379;;acabadosdistrilopez@outlook.com;0;1;activo;;;;;;;;;;;;;
66;RONALD GERMAN;CAMACHO ROJAS;RONALD GERMAN CAMACHO ROJAS ;13 - NATURAL;CC;94257542;6;RONALD GERMAN CAMACHO ROJAS ; EL PALACIO DE LA CERAMICA;CRA 8  72 B 04;CALI;76001;VALLE DEL CAUCA;76;CIELO VILLAMIZAR;3168344778;;ron5co@hotmail.com;0;1;activo;;;;;;;;;;;;;
67;LUIS ALIRIO;SAMBONI MUNOZ;LUIS ALIRIO SAMBONI MUNOZ;13 - NATURAL;CC;94283826;2;LUIS ALIRIO SAMBONI MUNOZ;FERROCERAMICAS MUÑOZ;CL 15 10 53 B. SUCRE ;CALI;76001;VALLE DEL CAUCA;76;CIELO VILLAMIZAR;3117029973;8894157;luisalirio1901@icloud.com;0;1;activo;;;;;;;;;;;;;
68;RUBEN DARIO;PEREZ CRESPO;RUBEN DARIO PEREZ CRESPO;13 - NATURAL;CC;94326260;0;RUBE DARIO PEREZ CRESPO;ALMACEN DECORAR JR;CRA 8 74 44 B. ALFONOZO LOPEZ;CALI;76001;VALLE DEL CAUCA;76;BLADIMIR DIAZ;3194257040;;almacendecorarjr@gmail.com;0;1;activo;;;;;;;;;;;;;
69;DIEGO ALEXANDER;POSÚ SANDOVAL;DIEGO ALEXANDER POSÚ SANDOVAL;13 - NATURAL;CC;94403401;;0;-;CRA 41 B 46 57;CALI;76001;VALLE DEL CAUCA;76;BLADIMIR DIAZ;3178134053;;posusandoval@gmail.com;0;1;activo;;;;;;;;;;;;;
70;MILTON ALEXANDER;SAAVEDRA PEREZ;MILTON ALEXANDER SAAVEDRA PEREZ;13 - NATURAL;CC;94405696;7;YUDI ;MACROCERAMICA;CR 8 # 74-05 BRR ALFONSO LOPEZ;CALI;76001;VALLE DEL CAUCA;76;BLADIMIR DIAZ;3168886621;6025130262;acabadosmacro@hotmail.com;0;1;activo;;;;;;;;;;;;;
71;LUIS EDUARDO;RAMOS SAA;LUIS EDUARDO RAMOS SAA;13 - NATURAL;CC;94419987;6;LUIS EDUARDO RAMOS SAA;ENCHAPE Y PREFABRICADOS LA 23;CL 15 23 67 B. ARANJUEZ;CALI;76001;VALLE DEL CAUCA;76;BLADIMIR DIAZ;3184614232;3136166340;eduarams76@outlook.com;0;1;activo;;;;;;;;;;;;;
72;ALEXANDER MONTEALEGRE;OTERO ;ALEXANDER MONTEALEGRE OTERO;13 - NATURAL;CC;94433166;4;RAFAEL/ MARIA FERNANDA;CERAMICA CIELO AZUL;CL15 23 99 LC 01;CALI;76001;VALLE DEL CAUCA;76;BLADIMIR DIAZ;3207955874;;montes1142@hotmail.com;0;1;activo;;;;;;;;;;;;;
73;JOSE OLIVER;GUAMANGA QUINTERO;JOSE OLIVER GUAMANGA QUINTERO;13 - NATURAL;CC;94523698;7;JOSE OLIVER-GUAMANGA  ;FERRETERIA CERAMICA EL PROGRESO;CL 15 # 10-67 BRR CENTRO;CALI;76001;VALLE DEL CAUCA;76;BLADIMIR DIAZ;3108353906;;diverguamanga12@hotmail.com;0;1;activo;;;;;;;;;;;;;
74;JUAN CARLOS;SERNA ALVAREZ;JUAN CARLOS SERNA ALVAREZ;13 - NATURAL;CC;94543215;9;JUAN CARLOS SERNA/ JULIET SERNA ;CENTRAL DE ENCHAPES;CR 8 72 84;CALI;76001;VALLE DEL CAUCA;76;BLADIMIR DIAZ;6565566;3165284543;juancarlosserna23@gmail.com;0;1;activo;;;;;;;;;;;;;
75;HARRISON SIERRA;CARMONA ;HARRISON SIERRA CARMONA;13 - NATURAL;NIT;700074851;8;HARRISON SIERRA ;ALMACEN CIPRO  ( MARISOL );CL 70 #8-95;CALI;76001;VALLE DEL CAUCA;76;BLADIMIR DIAZ;3156600678;3051041;harry1143@hotmail.com;0;1;activo;;;;;;;;;;;;;
76;JUAN DAVID;SUAREZ CORDOBA;JUAN DAVID SUAREZ CORDOBA;13 - NATURAL;CC;1006016703;2;JORGE SUAREZ;ACABADOS CON ESTILO ;CLL 22 5 16 LOCAL 3 SAN NICOLAS ;CALI;76001;VALLE DEL CAUCA;76;CIELO VILLAMIZAR;3122012597;;asacabadosconestilo@gmail.com;0;1;activo;;;;;;;;;;;;;
77;RICARDO ESTEBAN;RIVERA GALLO;RICARDO ESTEBAN RIVERA GALLO ;13 - NATURAL;CC;1006050518;1;RICARDO ESTEBAN RIVERA GALLO - DISTRICERAMICAS;DISTRICERAMICAS RYS;CL 8 73 79 ;CALI;76001;VALLE DEL CAUCA;76;CIELO VILLAMIZAR;3206532935;;a14180804@gmail.com  / districeramicasrys@gmail.com;0;1;activo;;;;;;;;;;;;;
78;JOSE MANUEL;VERA SALGADO;JOSE MANUEL VERA SALGADO ;13 - NATURAL;CC;1007522187;5;JOSE MANUEL VERA SALGADO ;JOSE MANUEL VERA SALGADO ;CRR MONTEBELLO AV 47 OESTE 9 A 59;CALI;76001;VALLE DEL CAUCA;76;BLADIMIR DIAZ;3107918723;;verasalgado2002@gmail.com;0;1;activo;;;;;;;;;;;;;
79;DEISY YASMIN;VIVAS IDROBO;DEISY YASMIN VIVAS IDROBO;13 - NATURAL;CC;1060866483;1;DEISY YASMIN VIVAS IDROBO;-;CRA 94 B 2 46 APTO 203 TORRE 2 RESERVA DE MELENDEZ 1;CALI;76001;VALLE DEL CAUCA;76;BLADIMIR DIAZ;3155822206;3059876;deisyyasminvivasidrobo@gmail.com;0;1;activo;;;;;;;;;;;;;
80;MARIA MONICA;ERAZOMORENO ;MARIA MONICA ERAZOMORENO ;13 - NATURAL;CC;1086920473;1;ALEX ;SURTICERAMICA DEL VALLE ;CR 8 71 15;CALI;76001;VALLE DEL CAUCA;76;BLADIMIR DIAZ;3117341714;;mnk9901@hotmail.com;0;1;activo;;;;;;;;;;;;;
81;JOSE HERMIS;ANGULO MICOLTA;JOSE HERMIS ANGULO MICOLTA;13 - NATURAL;CC;1089802654;3;JOSE HERMIS ANGULO MICOLTA;CONSTRU OUTLET LA MAYOR ;CRA 8 73 57 ;CALI;76001;VALLE DEL CAUCA;76;BLADIMIR DIAZ;3177696933;;acabadoslamayor@gmail.com;0;1;activo;;;;;;;;;;;;;
82;FREDDY AGUIRRE;GARCIA ;FREDDY AGUIRRE  GARCIA ;13 - NATURAL;CC;1107081945;0;FREDY AGUIRRE  GARCIA ;ACABADOS LUXURY ;CRA 7 U 72 90 LC 2 ;CALI;76001;VALLE DEL CAUCA;76;CIELO VILLAMIZAR;3104442110;;acabados_diuxury@hotmail.com;0;1;activo;;;;;;;;;;;;;
83;BRANDON ENRIQUE;PAZ RESTREPO;BRANDON ENRIQUE PAZ RESTREPO;13 - NATURAL;CC;1107082962;0;BRANDON ENRIQUE PAZ ;FERROCERAMICAS PAZ;CL 15 # 11-89;CALI;76001;VALLE DEL CAUCA;76;CIELO VILLAMIZAR;3065999;3164044678;brandon.05paz@gmail.com;0;1;activo;;;;;;;;;;;;;
84;ARCESIO DE JESUS;GIRALDO DUQUE;ARCESIO DE JESUS GIRALDO DUQUE ;13 - NATURAL;CC;1118282509;5;LUISA;CHECHO BABYS;CR 9  13  68  LC 135 B CALVARIO ;CALI;76001;VALLE DEL CAUCA;76;BLADIMIR DIAZ;3184099854;8850283;checho514@hotmail.com;0;1;activo;;;;;;;;;;;;;
85;EDGAR ANDRES;CARVAJAL CARDONA;EDGAR ANDRES CARVAJAL CARDONA;13 - NATURAL;CC;1130605546;1;EDGAR ANDRES CARVAJAL / HEIBER;JOVA ;CR 47 A 13 B 73;CALI;76001;VALLE DEL CAUCA;76;BLADIMIR DIAZ;3052376195;3354930;andrescali007@hotmail.com;0;1;activo;;;;;;;;;;;;;
86;LIS KEYDI;HENAO ;LIS KEYDI HENAO ;13 - NATURAL;CC;1130628925;7;LUISA - DIEGO-JULIAN ;CERAMICAS SUPER MATERIALES;CR 8 72 B 60;CALI;76001;VALLE DEL CAUCA;76;BLADIMIR DIAZ;3137122086/3114198022;;lissyhenao@hotmail.com;0;1;activo;;;;;;;;;;;;;
87;NELSON ANDRES;AGREDO MARULANDA;NELSON ANDRES AGREDO MARULANDA;13 - NATURAL;CC;1130658224;0;NELSON ANDRES AGREDO MARULANDA;-;CL 12 23 D 44;CALI;76001;VALLE DEL CAUCA;76;BLADIMIR DIAZ;3127501109;;agredoag@hotmail.com;0;1;activo;;;;;;;;;;;;;
88;LUIS EDUARDO;BUENO GALINDO;LUIS EDUARDO BUENO GALINDO ;13 - NATURAL;CC;1130666334;6;LUIS EDUARDO BUENO GALINDO ;COMERCIALIZADORA BUENO PAEZ;CR 91 27 09 B. BONILLA ARAGON;CALI;76001;VALLE DEL CAUCA;76;BLADIMIR DIAZ;3112925123;3127056841;luisepascal@hotmail.com;0;1;activo;;;;;;;;;;;;;
89;EDWIN FERNANDO;RODRIGUEZ ARCILA;EDWIN FERNANDO RODRIGUEZ ARCILA ;13 - NATURAL;CC;1130667777;1;EDWIN FERNANDO RODRIGUEZ ARCILA ;METRO CUADRADO CERAMICA Y CONSTRUCCION ; CL 36 34 45;CALI;76001;VALLE DEL CAUCA;76;BLADIMIR DIAZ;3164969713;;edfercho86@hotmail.com;0;1;activo;;;;;;;;;;;;;
90;DIEGO ALEXANDER;UNI TOCORA;DIEGO ALEXANDER UNI TOCORA;13 - NATURAL;CC;1130678360;1;DIEGO ALEXANDER UNI TOCORA;FERROCERAMICAS DYD;CL 10 60 83 B. SANTA ANITA;CALI;76001;VALLE DEL CAUCA;76;BLADIMIR DIAZ;3138032485;5518418;ferreceramicastura@gmail.com;0;1;activo;;;;;;;;;;;;;
91;NELSON LEONARDO;MUÑOZ ROJA;NELSON LEONARDO MUÑOZ ROJA ;13 - NATURAL;CC;1130683688;1;NELSON LEONARDO MUÑOZ ROJA ;-;CRA 39 C 41 61;CALI;76001;VALLE DEL CAUCA;76;BLADIMIR DIAZ;3127772665;;leomr-1989@hotmail.com;0;1;activo;;;;;;;;;;;;;
92;MAURICIO TORRES;VIERA ;MAURICIO TORRES VIERA ;13 - NATURAL;CC;1136059664;1;MAURICIO TORRES VIERA ;MULTICERAMICA LA 39;CL 10 40 A 46 B. CAMBULOS ;CALI;76001;VALLE DEL CAUCA;76;BLADIMIR DIAZ;3184171058;;multieramicala39@gmail.com;0;1;activo;;;;;;;;;;;;;
93;; ;MACROCERAMICAS;13 - NATURAL;CC;1143824002;1;ANDRES FELIPE MILLAN ;-;CL 15 #11-95;CALI;76001;VALLE DEL CAUCA;76;CIELO VILLAMIZAR; 318 5557000;;andresmillanhr@gmail.com;0;1;activo;;;;;;;;;;;;;
94;LORENA CARDONA;ALBA ;LORENA CARDONA  ALBA;13 - NATURAL;CC;1143830129;2;LORENA CARDONA  ALBA;-;CL 13 C70 87 B. QUINTAS DE DON SIMON ;CALI;76001;VALLE DEL CAUCA;76;BLADIMIR DIAZ;3157719332;;lory-gito@hotmail.com;0;1;activo;;;;;;;;;;;;;
95;GILDARDO ANTONIO;GIRALDO SANCHEZ;GILDARDO ANTONIO GIRALDO SANCHEZ;13 - NATURAL;CC;1143842617;7;GILDARDO/DAYANA /YENIFER;FERROCERAMICAS EL MONO ;CR 7 L  73 92 B. ALFONZO LOPEZ;CALI;76001;VALLE DEL CAUCA;76;CIELO VILLAMIZAR;3154555309;5137905;ferroceramicaselmono@gmail.com;0;1;activo;;;;;;;;;;;;;
96;ANDREA ESTEFANIA;LOPEZ VAQUERO;ANDREA ESTEFANIA LOPEZ VAQUERO ;13 - NATURAL;CC;1143853914;7;ANDREA ESTEFANIA LOPEZ VAQUERO ;MUNDO BEBE CALI;CRA 24 B 2 A 79;CALI;76001;VALLE DEL CAUCA;76;BLADIMIR DIAZ;3166720409;3205167160;asthefanialb@gmail.com;0;1;activo;;;;;;;;;;;;;
97;CAROLINA CARDONA;GONZALEZ ;CAROLINA CARDONA GONZALEZ;13 - NATURAL;CC;1143871709;1;HAROLD CARDONA ;MUNDIAL DE LAVADEROS LOCAL 2;CALLE 15 13-21;CALI;76001;VALLE DEL CAUCA;76;CIELO VILLAMIZAR;3104224096;;;0;1;activo;;;;;;;;;;;;;
98;EDWIN STIVEN;OBANDO SALAZAR;EDWIN STIVEN OBANDO SALAZAR ;13 - NATURAL;CC;1143959705;0;EDWIN STIVEN OBANDO SALAZAR ;FERROGAS SAS;CL 72 D 3 A N 42;CALI;76001;VALLE DEL CAUCA;76;BLADIMIR DIAZ;3166662693;;maykellzalazar@gmail.com;0;1;activo;;;;;;;;;;;;;
99;STEPHANNY TORRES;CABRERA ;STEPHANNY TORRES CABRERA;13 - NATURAL;CC;1144067390;1;STEPHANNY TORRESCABRERA;IKER KIDS(PAÑALERA );CL 2 94 C 20;CALI;76001;VALLE DEL CAUCA;76;BLADIMIR DIAZ;3007228056;;stefin-15@hotmail.com;0;1;activo;;;;;;;;;;;;;
100;DANNY MELISSA;MILLAN VARELA;DANNY MELISSA MILLAN VARELA;13 - NATURAL;CC;1144100911;8;SANDRA MILLAN;MACRO CERAMICAS;CL 15 11 95;CALI;76001;VALLE DEL CAUCA;76;CIELO VILLAMIZAR;3168560758;3168559820;macroceramicasmv@gmail.com;0;1;activo;;;;;;;;;;;;;
101;DERLY ALEJANDRA;DOMINGUEZ LOPEZ;DERLY ALEJANDRA DOMINGUEZ LOPEZ;13 - NATURAL;CC;1144151250;6; DERLY ALEJANDRA DOMINGUEZ;-;CL 53 98 91 AP 903 TO 3;CALI;76001;VALLE DEL CAUCA;76;BLADIMIR DIAZ;3367924;3186729978;di.alejandrodominguez@gmail.com;0;1;activo;;;;;;;;;;;;;
102;DANIELA PEÑA;PIAMBA ;DANIELA PEÑA PIAMBA ;13 - NATURAL;CC;1144158402;0;MARISEL ;HOME DEKOR ;CR 5 21 31 ;CALI;76001;VALLE DEL CAUCA;76;CIELO VILLAMIZAR;3116161645;3057838573;danielita.1606@hotmail.com;0;1;activo;;;;;;;;;;;;;
103;INGRID KATHERINE;BASANTE CORTES;INGRID KATHERINE BASANTE CORTES;13 - NATURAL;CC;1144182525;9;NELSON ;CONSTRU OUTLET ;CR 8 73 13 ESQ, BARRIO ALFONZO LOPEZ;CALI;76001;VALLE DEL CAUCA;76;BLADIMIR DIAZ;3153107094;6561647;construoutletcali@gmail.com;0;1;activo;;;;;;;;;;;;;
104;OSCAR EDUARDO;PALECHOR ALVIZ;OSCAR EDUARDO PALECHOR ALVIZ;13 - NATURAL;CC;1144184054;0;OSCAR EDUARDO PALECHOR ALVIZ;EL REY ;CL 22 5 06 B. SAN NICOLAS ;CALI;76001;VALLE DEL CAUCA;76;BLADIMIR DIAZ;3166307684;;oscareduardopalechoralvis@gmail.com;0;1;activo;;;;;;;;;;;;;
105;ANDRES FELIPE;CAMAYO ;ANDRES FELIPE CAMAYO ;13 - NATURAL;CC;1061698328;9;ANDRES FELIPE CAMAYO ;HIPERCERAMICA LA 15;CL 15 12 87;CALI;76001;VALLE DEL CAUCA;76;CIELO VILLAMIZAR;3146412483;;t.orny@hotmail.com;0;1;activo;;;;;;;;;;;;;
106;JOSE KEVIN;PONCE ;JOSE KEVIN PONCE ;13 - NATURAL;CC;1087194549;0;JOSE KEVIN PONCE ;FERRETODO LA 5;K 5 C 07-60;CALOTO;;CAUCA;;BLADIMIR DIAZ;3185959252;;keponced10@gmail.com;0;1;activo;;;;;;;;;;;;;
107;CARLOS LOPEZ;TOVAR ;CARLOS LOPEZ TOVAR;13 - NATURAL;CC;16919404;;CARLOS LOPEZ;0;CR 21 10 32 ;DAGUA;;;;BLADIMIR DIAZ;3174923879;;carlopez2050@gmail.com;0;1;activo;;;;;;;;;;;;;
108;DIANA PATRICIA;GIRALDO GUTIERREZ;DIANA PATRICIA GIRALDO GUTIERREZ;13 - NATURAL;CC;24870750;5;DIANA        ;DECORANDO EL EJE CAFETERO;CRA 10 47 38;DOSQUEBRADAS;;RISARALDA;;BLADIMIR DIAZ;3113592949;;dianagiraldo910@gmail.com;0;1;activo;;;;;;;;;;;;;
109;ALEXANDER BEDOYA;GUZMAN ;ALEXANDER BEDOYA GUZMAN;13 - NATURAL;CC;16888055;4;ALEXANDER BEDOYA GUZMAN;ALEXANDER BEDOLLA GUZMAN ;CL 9 4 40 B. LOS ALMENDROS ;FLORIDA ;;VALLE;;BLADIMIR DIAZ;3015409482;3113709819;unlimitedelectri2636180@gmail.com;0;1;activo;;;;;;;;;;;;;
110;LEIDY YOHANNA;VELASCO MARTINEZ;LEIDY YOHANNA VELASCO MARTINEZ;13 - NATURAL;CC;29506643;4;ENMANUEL CERON;CONSTRUCERAMICAS FLORIDA;CL 8 #14 22;FLORIDA ;;VALLE;;BLADIMIR DIAZ;3184361038;;carita1015@hotmail.com;0;1;activo;;;;;;;;;;;;;
111;SAMANTHA LINARES;MARIN ;SAMANTHA LINARES MARIN;13 - NATURAL;CC;1144089681;2;SAMANTHA LINARES MARIN;-;CL 11 12 23 P1;FLORIDA ;;VALLE;;BLADIMIR DIAZ;3178878046;;samanthalinaresmarin@gmail.com;0;1;activo;;;;;;;;;;;;;
112;SILVANA ANDREA;VARELA FRANCO;SILVANA ANDREA VARELA FRANCO;13 - NATURAL;CC;31330941;4;SILVANA ANDREA VARELA FRANCO;TERRANO DISTRIBUCIONES;CL 12 SUR 10 109;GUADALAJARA DE BUGA;;VALLE;;BLADIMIR DIAZ;3193907651;3054591111;ventas1terrano@hotmail.com;0;1;activo;;;;;;;;;;;;;
113;ANGELICA ALEJANDRA;AGUILAR SAAVEDRA;ANGELICA ALEJANDRA AGUILAR SAAVEDRA;13 - NATURAL;CC;1115082475;4;WILLIAM VILLAFAÑE;ANGELICA ALEJANDRA AGUILAR SAAVEDRA;CR 15 2 SUR 13 BRR LOS ANGELES;GUADALAJARA DE BUGA;;VALLE;;BLADIMIR DIAZ;3178371788;3007051136;angelika.aguilar@hotmail.com;0;1;activo;;;;;;;;;;;;;
114;IVONNE PATRICIA;PEÑA VALDERRAMA;IVONNE PATRICIA PEÑA VALDERRAMA;13 - NATURAL;CC;38670713;5;IVONNE-JAIRO ;IVONNE PATRICIA PEÑA VALDERRAMA;CR 11 6 40 B. LA ESMERALDA ;JAMUNDI;;VALLE;;BLADIMIR DIAZ;3159270686;;ivonp1226@hotmail.com;0;1;activo;;;;;;;;;;;;;
115;JOHAN ALEXANDER;LARGACHA CUERO;JOHAN ALEXANDER LARGACHA CUERO;13 - NATURAL;CC;1006387193;7;ANDRES SALAZAR;PORCEMAX Y PVC JYM;CR 12 8 25 BRR LA ESTACION;JAMUNDI;;VALLE;;CIELO VILLAMIZAR;3027434443;;jhojancuero1994@gmail.com;0;1;activo;;;;;;;;;;;;;
116;; ;CONSUMIDOR FINAL;13 - NATURAL;NIT;2222222222;;-;-;N/A;N/A;;;;BLADIMIR DIAZ;N/A;;na@n/a.com;0;1;activo;;;;;;;;;;;;;
117;HERNANDO JAVIER;BENAVIDEZ CAICEDO;HERNANDO JAVIER BENAVIDEZ CAICEDO;13 - NATURAL;CC;18186972;8;HERNAN CAIDEDO;-;CLL 7 7A 16;ORITO;;PUTUMAYO;;BLADIMIR DIAZ;3133159710;;ceramicasymateriales1@gmail.com;0;1;activo;;;;;;;;;;;;;
118;AURA MERY;ARANA CEDANO;AURA MERY ARANA CEDANO;13 - NATURAL;CC;31176224;1;JACQUELINE ;CONSTRUCERAMICAS PALMIRA;CL 28 27 59;PALMIRA ;;VALLE ;;CIELO VILLAMIZAR;2855430;3174414283;construceramicas2016@gmail.com;0;1;activo;;;;;;;;;;;;;
119;JULIAN FERNANDO;RODRIGUEZ GRAJALES;JULIAN FERNANDO RODRIGUEZ GRAJALES;13 - NATURAL;CC;1089718052;0;JULIAN FERNANDO RODRIGUEZ GRAJALES;DECOR CERAMICAS PALMIRA;CL 28 26 15;PALMIRA ;;VALLE ;;CIELO VILLAMIZAR;3226826355;;decorceramicas1324@gmail.com;0;1;activo;;;;;;;;;;;;;
120;BERNARDO RUFINO;VITERI ORTEGA;BERNARDO RUFINO VITERI ORTEGA;13 - NATURAL;CC;1086498547;;BERNARDO RUFINO VITERI ORTEGA;-;CL 17 11 24 BRR FATIMA;PASTO;;NARIÑO;;BLADIMIR DIAZ;3212282496;3106890548;contabilidadarquincocolombia@gmail.com;0;1;activo;;;;;;;;;;;;;
121;MANUEL ALEJANDRO;CASTAÑO RAMIREZ;MANUEL ALEJANDRO CASTAÑO RAMIREZ;13 - NATURAL;CC;1088277599;1;0;INAQUA DISTRIBUCIONES;MZ 0 CA 14 BRR HACIENDA CUBA;PEREIRA;;RISARALDA;;BLADIMIR DIAZ;3016442522;3042550661;inaquadistribuciones@gmail.com;0;1;activo;;;;;;;;;;;;;
122;DANIEL ORLANDO;TRUJILLO GALLO;DANIEL ORLANDO TRUJILLO GALLO;13 - NATURAL;CC;1088331187;1;DANIEL;DANIEL ORLANDO TRUJILLO GALLO;CR 7 32 17 BRR PRIMERO DE MAYO;PEREIRA;;RISARALDA;;BLADIMIR DIAZ;3218710370;;distribuidorceramico2024@gmail.com;0;1;activo;;;;;;;;;;;;;
123;NIGER ALEXIS;MONCADA HOYOS;NIGER ALEXIS MONCADA HOYOS;13 - NATURAL;CC;1112775420;3;NIGER ALEXIS MONCADA HOYOS;SPACIO CERAMICOS M.M;CRA 7 N 30 75 BRR CENTRO;PEREIRA;;RISARALDA;;BLADIMIR DIAZ;3117730177;;spacioceramicomm@gmail.com;0;1;activo;;;;;;;;;;;;;
124;ELI BERNARDO;CALDERON CAICEDO;ELI BERNARDO CALDERON CAICEDO;13 - NATURAL;CC;18110978;5;ELI BERNARDO CALDERON CAICEDO ;CERAMICAS Y FERRETERIA LA PROOCION ;CL 10 22 15;PUERTO ASIS ;;PUTUMAYO ;;BLADIMIR DIAZ;3112221207;;cuygangas@hotmail.com;0;1;activo;;;;;;;;;;;;;
125;KARINA VARGAS;RAMIREZ ;KARINA VARGAS RAMIREZ;13 - NATURAL;CC;1123306594;;KARINA;KARINA VARGAS RAMIREZ;0;PUERTO ASIS ;;PUTUMAYO ;;BLADIMIR DIAZ;3124953186;;karinavargas920911@gmail.com;0;1;activo;;;;;;;;;;;;;
126;CARLOS EDUARDO;HERNANDEZ PEREZ;CARLOS EDUARDO HERNANDEZ PEREZ;13 - NATURAL;CC;1054925213;1;CARLOS HERNANDEZ;CERAMICAS RESTREPO;CL 8 10 40;RESTREPO ;;VALLE;;CIELO VILLAMIZAR;3205844699;;ceramicas.restrepo23@gmail.com;0;1;activo;;;;;;;;;;;;;
127;JOSE DUVAN;MARTINEZ GONZALEZ;JOSE DUVAN MARTINEZ GONZALEZ;13 - NATURAL;CC;80052504;4;JOSE DUVAN ;CERAMICAS LA SEPTIMA;CR 7 34 32;RISARALDA;;PEREIRA;;CIELO VILLAMIZAR;3260763;3122114684;ceramicaslaseptima2009@live.com;0;1;activo;;;;;;;;;;;;;
128;;;INVERSIONES Y ACABADOS CARSAN SAS -ZOMAC;31 - JURIDICO;NIT;1130585617;7;NATALIA ELIZABETH SANCHEZ ORTIZ;-;URB SAN FELIPE B. EXPORCOL CSA No67;SAN ANDRES DE TUMACO;;NARIÑO;;BLADIMIR DIAZ;3186967576;;facturacioncarsan2018@gmail.com;0;1;activo;;;;;;;;;;;;;
129;MARLY HERNANDO;PORTILLA GUEVARA;MARLY HERNANDO PORTILLA GUEVARA ;13 - NATURAL;CC;97471301;5;MARLY HERNANDO PORTILLA GUEVARA ;AGRO DISTRIBUIDORA LA DORADA;CRA 5 4 31 B SAN FELIPE -LA DORADA  ;SAN MIGUEL;; PUTUMAYO;;BLADIMIR DIAZ;3112310374;;distridorada20@hotmail.com;0;1;activo;;;;;;;;;;;;;
130;GILDARDO MUÑOZ;LOPEZ ;GILDARDO MUÑOZ LOPEZ;13 - NATURAL;CC;16881742;4;ENMANUEL SANTANDER;-;CR 14 12 49;SANTANDER DE QUILICHAO;;CAUCA ;;BLADIMIR DIAZ;3128326734;;asesoriacontable34@yahoo.com;0;1;activo;;;;;;;;;;;;;
131;RAFAEL ANTONIO;CAMARGO CIFUENTES;RAFAEL ANTONIO  CAMARGO CIFUENTES;13 - NATURAL;CC;19205921;;RICARDO CHINCHILLA;-;CL1  19B  94 ETAPA 1 TORRE 27 APTO 602;SOACHA;;;;BLADIMIR DIAZ;3204206189;;rafacamartes53@gmail.com;0;1;activo;;;;;;;;;;;;;
132;WILSON RICARDO;CHINCHILLA ;WILSON RICARDO CHINCHILLA;13 - NATURAL;CC;80051499;0;RICARDO CHINCHILLA;GRESIFICADOS FENIX;CALLE 49 7 -41  LEON TRECE;SOACHA;;;;BLADIMIR DIAZ;3204206189;;;0;1;activo;;;;;;;;;;;;;
133;MARIA ELIZABETH;MUÑOZ FERNANDEZ;MARIA ELIZABETH MUÑOZ FERNANDEZ;13 - NATURAL;CC;25285176;1;MARIA ELIZABETH MUÑOZ FERNANDEZ;BABY STORE JYM ;CON LA VICTORIA CASA 26 AD                          B. PANAMERICANO ;UNION ;;NARIÑO ;;BLADIMIR DIAZ;3113183505;;babystorejym@gmail.com ;0;1;activo;;;;;;;;;;;;;
134;DAVID ANDRES;ENCISO ARAGO;DAVID ANDRES ENCISO ARAGO;13 - NATURAL;CC;1113304913;6;KARINA/DAVID;CERAMICAS MEGAFERRE;CALLE 5 CR 9 ESQ BRR EL RECREO;VALLE DEL GUAMUEZ;;;;BLADIMIR DIAZ;3105526416;;ceramicasmegaferre@gmail.com;0;1;activo;;;;;;;;;;;;;
135;ELMER ALBERTO;BENAVIDES ;ELMER ALBERTO BENAVIDES ;13 - NATURAL;CC;1127071533;1;ELMER ALBERTO BENAVIDES ;CERAMICAS BENAVIDES;CL  7 8 15 B. EL PROGRESO ;VILLAGARZON;;PUTUMAYO;;BLADIMIR DIAZ;3143836722;3125433224;remle1812@gmail.com;0;1;activo;;;;;;;;;;;;;
136;MARIA ALEJANDRA;ALZATE ;MARIA ALEJANDRA ALZATE;13 - NATURAL;CC;1144074206;;MARIA ALEJANDRA;-;CL 69 7 M 37 LOS PINOS;YUMBO;;VALLE;;BLADIMIR DIAZ;3243802193;;contabilidaalejandra07@gmail.com;0;1;activo;;;;;;;;;;;;;
137;NESTOR HUMBERTO;GIRLDO HURTADO;NESTOR HUMBERTO GIRLDO HURTADO;13 - NATURAL;CC;9859002;5;NESTOR HUMBERTO GIRALDO HURTADO ;SURTICERAMICAS ZARZAL;CRA 10 8 47;ZARZAL ;;VALLE;;BLADIMIR DIAZ;3127287359;;surticeramicaszarzal@gmail.com;0;1;activo;;;;;;;;;;;;;
138;ILDA BIBIANA;ARIAS BETANCUR;ILDA BIBIANA ARIAS BETANCUR ;13 - NATURAL;CC;33745886;6;ILDA BIBIANA ARIAS BETANCUR ;DECORANDO TUS ESPACIOS;CL 8    # 8  66 ;ZARZAL ;;VALLE;;BLADIMIR DIAZ;3106277941;;decorando-tus-espacios@hotmail.com;0;1;activo;;;;;;;;;;;;;
139;FABIAN DARIO;ARIAS BETANCUR;FABIAN DARIO ARIAS BETANCUR;13 - NATURAL;CC;1058843269;3;FABIAN DARIO ARIAS ;DEKOR ARTE ESPACIOS CON ESTILO ;CL 10 A 2 15;ZARZAL ;;VALLE;;BLADIMIR DIAZ;3045677213;2595528;dekor.arte@hotmail.com;0;1;activo;;;;;;;;;;;;;
140;;;UNICERAMIK SAS;31 - JURIDICA;NIT;901659211;5;FREDDY  MONTOYA;UNICERAMIK SAS;CRA 20 3 N 00 TO 4 APT 504;ARMENIA ;;QUINDIO;;BLADIMIR DIAZ;3043497105;;uniceramik.sas@gmail.com;0;1;activo;;;;;;;;;;;;;
141;;;CERAMICAS CALDAS AYR SAS;31 - JURIDICA;NIT;900742870;1;MARY LUZ ;CERAMICAS CALDAS AYR SAS;CL 46 SUR 19A 37;BOGOTA ;;;;BLADIMIR DIAZ;3122699918;6017124170;ceramicascaldasayr@outlook.com;0;1;activo;;;;;;;;;;;;;
142;;;CERAMICA BERACA JJ S.A.S;31 - JURIDICA;NIT;901797304;2;JAIRO AYALA;-;CL 46 19-65 SUR;BOGOTA ;;;;BLADIMIR DIAZ;3228420297;3132933873;jairo.ayala_2019@hotmail.com;0;1;activo;;;;;;;;;;;;;
143;;;GRUPO OCCIDENTAL DE LOGISTICA;31 - JURIDICA;NIT;901391998;1;JAMER VARELA;-;CRA 1 A 2A 39 EDIFICIO BANCO DE BOGOTA;BUENAVENTURA;;;;BLADIMIR DIAZ;3156301537;;occidenlogistica@gmail.com;0;1;activo;;;;;;;;;;;;;
144;;;DRIWALL Y PVC DEL PACIFICO SAS;31 - JURIDICA;NIT;901588630;2;JAVIER GUILLEN;-;CL 1 MZ 3  1  05 BRR EL CAMBIO;BUENAVENTURA;;VALLE;;BLADIMIR DIAZ;3132830581;;drywallypvcdelpacifico@gmail.com;0;1;activo;;;;;;;;;;;;;
145;;;GRUPO ECO HOGAR SAS;31 - JURIDICA;NIT;901191955;5;JAVIER GUILLEN;-;CL 5 14 41 BRR LA PIÑA;BUENAVENTURA ;;VALLE ;;BLADIMIR DIAZ;3116009755;3234198939;grupoecohogarsas@gmail.com;0;1;activo;;;;;;;;;;;;;
146;;;CONSTRUESTILOS ;31 - JURIDICA;NIT;901157407;;MARTA LILIANA GARCIA -FREDY;-;RESTREPO ;CALI;76001;VALLE DEL CAUCA;76;BLADIMIR DIAZ;3148778361;;;0;1;activo;;;;;;;;;;;;;
147;;;EMBELLECER TIENDA CERAMICA;31 - JURIDICA;NIT;900684488;1;OLANO CAICEDO ARIUNFO;EMBELLECER TIENDA CERAMICA S.A.S;CL 15 23 61;CALI;76001;VALLE DEL CAUCA;76;BLADIMIR DIAZ;3105465840;;embellecertiendaceramica@hotmail.com;0;1;activo;;;;;;;;;;;;;
148;;;DISTRIBUCIONES OB SAS ;31 - JURIDICA;NIT;900930657;3;OSCAR ;DISTRIBUCIONES OB SAS ;CR 8 70 96 ;CALI;76001;VALLE DEL CAUCA;76;BLADIMIR DIAZ;3184818702;4033397;juliosanchez.7@hotmail.com;0;1;activo;;;;;;;;;;;;;
149;;;A Y R CONSTRUCCINES SAS;31 - JURIDICA;NIT;900977654;4;LUIS CARLOS BETANCOURTH TORRES;SERVI HOME MANTENIMIENTO Y RESTAURACION;CL 53 98 91 AP 903 TO 3;CALI;76001;VALLE DEL CAUCA;76;CIELO ALDANA;3156705738;;ayrconstrucionescol@gmail.com;0;1;activo;;;;;;;;;;;;;
150;;;DECORMADERAS JV SAS;31 - JURIDICA;NIT;901195154;0;JHON ALEXAANDER DELGADO VILLOTA;DECORMADERAS JV;CL 47 10 87;CALI;76001;VALLE DEL CAUCA;76;BLADIMIR DIAZ;3162807531;;decormaderasjvsas@gmail.com;0;1;activo;;;;;;;;;;;;;
151;;;CERAMICAS Y ACABADOS FLOREZ SAS;31 - JURIDICA;NIT;901551456;7;CAMILO FLOREZ;CERAMICAS OLIVETO;CR 8 76 40;CALI;76001;VALLE DEL CAUCA;76;CIELO VILLAMIZAR;3104995666;3182298560;ceramicasyacabadosflorez@gmail.com;0;1;activo;;;;;;;;;;;;;
152;;;JOWILL SAS;31 - JURIDICA;NIT;901680211;2;JOWILL SAS;JOWILL SAS;CL 15 12 81;CALI;76001;VALLE DEL CAUCA;76;BLADIMIR DIAZ;3216582871;;jowillsas@gmail.com;0;1;activo;;;;;;;;;;;;;
153;;;DECORCERAMICAS LA OCTAVA SAS;31 - JURIDICA;NIT;901705293;6;PRIMO;DECORCERAMICAS LA OCTAVA SAS;CR 8 72 B 38;CALI;76001;VALLE DEL CAUCA;76;BLADIMIR DIAZ;3163051639;;decor-ceramica8@hotmail.com;0;1;activo;;;;;;;;;;;;;
154;;;NOSTRA TASTY SAS;31 - JURIDICA;NIT;901739847;2;JULIANA SALDOVAL;-;CL 8 B 45 17;CALI;76001;VALLE DEL CAUCA;76;BLADIMIR DIAZ;3175689177;;nostratasty@gmail.com;0;1;activo;;;;;;;;;;;;;
155;;;ORION FERRETERIA PUBLICITARIA S.A.S;31 - JURIDICA;NIT;901791236;2;ORION FERRETERIA PUBLICITARIA S.A.S;ORION FERRETERIA PUBLICITARIA S.A.S;CL 19 4 19;CALI;76001;VALLE DEL CAUCA;76;BLADIMIR DIAZ;3176811458;;orion.ferrepublicity@gmail.com;0;1;activo;;;;;;;;;;;;;
156;;;DISTRIBUCIONES MORZA SAS;31 - JURIDICA;NIT;901823342;4;DARIO ;DISTRIBUCIONES MORZA SAS;CR 10 17 19;CALI;76001;VALLE DEL CAUCA;76;CIELO VILLAMIZAR;3117309489;3183114835;distribucionesmorza@hotmail.com;0;1;activo;;;;;;;;;;;;;
157;;;MENTA MODA NOVEDADES SAS;31 - JURIDICA;NIT;901861334;7;LUIS ;MENTA MODA NOVEDADES SAS;CL 5 50 103 LC 02 01  CC COSMOCENTRO;CALI;76001;VALLE DEL CAUCA;76;BLADIMIR DIAZ;3103776397;;correspondencia31@hotmail.com;0;1;activo;;;;;;;;;;;;;
158;;;GRUPO MESA SAS;31 - JURIDICA;NIT;901961823;6;NICOLAS MEDINA SALGADO;GRUPO MESA SAS;CR 9 70 09;CALI;76001;VALLE DEL CAUCA;76;CIELO VILLAMIZAR;3153427274;3174572529;nmedinas.empresarial@gmailcom;0;1;activo;;;;;;;;;;;;;
159;;;PROMOTORA JAQUE LTD.A-PROMOTORES DE SEGUROS;31 - JURIDICA;NIT;800185322;2;PROMOTORA JAQUE LTD.A PROMOTORES DE SEGUROS ;JAQUE LTD.A PROMOTORES DE SEGUROS ;AV 7 24 NORTE 113;CALI;76001;VALLE DEL CAUCA;76;BLADIMIR DIAZ;6026680991;;jalvarez@jaqueseguros.com.co;0;1;activo;;;;;;;;;;;;;
160;;;MATERIALES CONSTRUCERAMICAS LTDA ;31 - JURIDICA;NIT;805015128;1;MARINO/ ROSARIO/OLGA ;MATERIALES CONSTRUCERAMICAS LTDA ;CL 5 30 34;CALI;76001;VALLE DEL CAUCA;76;CIELO VILLAMIZAR;3188135412;;construceramicas1@outlook.com;0;1;activo;;;;;;;;;;;;;
161;;;DUQUE VILLALBA SAS;31 - JURIDICA;NIT;890327178;6;JUAN PABLO (DUQUE V);DUQUE VILLALBA SAS;CL 70 8 115;CALI;76001;VALLE DEL CAUCA;76;BLADIMIR DIAZ;6024871111;6026561111;gerencia@duquevillalba.com;0;1;activo;;;;;;;;;;;;;
162;;;DISTRIBUIDORA C&D SAS;31 - JURIDICA;NIT;900449822;0;0;DISTRIBUIDORA C&D SAS;CR 7 13 70 BG 405 CC EL TESORO;CALI;76001;VALLE DEL CAUCA;76;BLADIMIR DIAZ;3103881897;3167653696;cydasas@hotmail.com;0;1;activo;;;;;;;;;;;;;
163;;;BOTERO FERRETERO SAS;31 - JURIDICA;NIT;900477064;;JUAN CARLOS BOTERO PATIÑO;BOTERO FERRETERO SAS;CR 7 18 44;CALI;76001;VALLE DEL CAUCA;76;BLADIMIR DIAZ;3164923674;3899458;boteroferretero@hotmail.com;0;1;activo;;;;;;;;;;;;;
164;;;PEGAMORI SAS;31 - JURIDICA;NIT;900843118;2;YURI;PEGAMORI SAS;CRA 5 23 25;CALI;76001;VALLE DEL CAUCA;76;BLADIMIR DIAZ;3957435;3138260403;yuximori27@hotmail.com;0;1;activo;;;;;;;;;;;;;
165;;;MOVILIZAR DEL VALLE SAS;31 - JURIDICA;NIT;900932015;4;MOVILIZAR DEL VALLE SAS;MOVILIZAR DEL VALLE SAS;CL 14 C 56 51 AP 502 C;CALI;76001;VALLE DEL CAUCA;76;BLADIMIR DIAZ;3126680928;;movilizarmontacargas@hotmail.com;0;1;activo;;;;;;;;;;;;;
166;;;ALCATRAZ BUILDER SAS;31 - JURIDICA;NIT;901132018;7;ESMERALDA ALBA ;ALCATRAZ BUILDER SAS;CL 13 N 9 N 55 ;CALI;76001;VALLE DEL CAUCA;76;BLADIMIR DIAZ;3113245983;;albagroupc1@gmail.com;0;1;activo;;;;;;;;;;;;;
167;;;GRUPO EMPRESARIAL CERAMICAS SAN MIGUEL SAS;31 - JURIDICA;NIT;901143411;6;FLAVIO ;CERAMICAS SAN MIGUEL CALI;CR 8 72 44;CALI;76001;VALLE DEL CAUCA;76;BLADIMIR DIAZ;3164226704;6627397;ceramicas.sanmiguel@hotmail.com;0;1;activo;;;;;;;;;;;;;
168;;;ROUTE 66 CARD SAS;31 - JURIDICA;NIT;901159856;1;JUAN PABLO (ROUTE 66);ROUTE 66 CARD SAS;CR 66 13 11 ;CALI;76001;VALLE DEL CAUCA;76;BLADIMIR DIAZ;3205630394;3154924616;jp.bermudez10@gmail.com;0;1;activo;;;;;;;;;;;;;
169;;;GRUPO CERAMICO DEL VALLE  SAS;31 - JURIDICA;NIT;901188081;2;WILLIAN/ JEFFER ;FERREGANE ;CRA 8 72 70;CALI;76001;VALLE DEL CAUCA;76;BLADIMIR DIAZ;3112836936;;;0;1;activo;;;;;;;;;;;;;
170;;;JANCEN RINCON ;31 - JURIDICA;NIT;901331665;6;JANSEN RINCON /YULI ;MOSAICO SAS ;CL 6 118 20 CA 13 CON CAMPESTRE COLINAS DEL VIENTO B. PANCE;CALI;76001;VALLE DEL CAUCA;76;BLADIMIR DIAZ;3142681861;3206923847;arquitecto.ceramicart@gmail.com;0;1;activo;;;;;;;;;;;;;
171;;;ACABADOS DEL VALLE JPM SAS ;31 - JURIDICA;NIT;901399153;1;JUAN PABLO ;PISOS Y ACABADOS DEL VALLE;CL 15 CRA 23 A 46;CALI;76001;VALLE DEL CAUCA;76;CIELO VILLAMIZAR;3185219126;5575200;pisosyacabadosdelvalle@hotmail.com;0;1;activo;;;;;;;;;;;;;
172;;;MARMOLES Y CERAMICAS LA ROCA SAS;31 - JURIDICA;NIT;901410443;7;GICOL/MARIA DEL CARMEN ;MARMOLES Y CERAMICAS LA ROCA SAS;CL 15 # 11-55;CALI;76001;VALLE DEL CAUCA;76;CIELO VILLAMIZAR;3114126937;8807239;cymlaroca@gmail.com;0;1;activo;;;;;;;;;;;;;
173;;;MODERERAMICAS SAS;31 - JURIDICA;NIT;901458348;2;0;MODECERAMICA SAS ;CR 5 22 123 ;CALI;76001;VALLE DEL CAUCA;76;BLADIMIR DIAZ;3163970324;;administracion@moderamica.com;0;1;activo;;;;;;;;;;;;;
174;;;MONARCA SUPERFICIES CERAMICAS SAS;31 - JURIDICA;NIT;901463484;6;JUAN DIEGO NAVARRO;MONARCA SUPERFICIES CERAMICAS SAS;CRA  72 B 21 ;CALI;76001;VALLE DEL CAUCA;76;BLADIMIR DIAZ;3127878650;;navarrojuandiego57@gmail.com;0;1;activo;;;;;;;;;;;;;
175;;;GAOD SAS;31 - JURIDICA;NIT;901504412;3;ESMERALDA ALBA;-;CL 8 42 66;CALI;76001;VALLE DEL CAUCA;76;BLADIMIR DIAZ;3127059703;;andrea.alba@albagroup.com.co;0;1;activo;;;;;;;;;;;;;
176;;;GRUPO EMPRESARIAL BERNAL HOYOS SAS;31 - JURIDICA;NIT;901559268;5;YURGEN / ERES;GRUPO EMPRESARIAL BERNAL HOYOS SAS;CL 12 12 50 B. SAN JUNA BOSCO ;CALI;76001;VALLE DEL CAUCA;76;BLADIMIR DIAZ;3176587661/6028963276;;grupobernalhoyossas@gmail.com;0;1;activo;;;;;;;;;;;;;
177;;;BODEGA GLOBOCERAMICAS SAS;31 - JURIDICA;NIT;901652830;2;EDIER NAVARRO ;BODEGA GLOBOCERAMICAS SAS;CRA 8 72 32 ;CALI;76001;VALLE DEL CAUCA;76;BLADIMIR DIAZ;3008347760;60266220422;bodega01globoceramicasas@gmail.com;0;1;activo;;;;;;;;;;;;;
178;;;GRUPO EMPRESARIAL  JMACK SAS SAS                    TOOT ( CRISTIAN );31 - JURIDICA;NIT;901692025;0;TOOT Y JMACK;-;CR 8 # 70 36;CALI;76001;VALLE DEL CAUCA;76;BLADIMIR DIAZ;3206795525;;grupoempresarialjmack@gmail.com;0;1;activo;;;;;;;;;;;;;
179;;;MAXIENCHAPES SAS;31 - JURIDICA;NIT;901703409;4;CARLOS VILLEGAS ;MAXIENCHAPES SAS;CL 15 12 47;CALI;76001;VALLE DEL CAUCA;76;BLADIMIR DIAZ;3167159939;;maxienchapescali@gmail.com;0;1;activo;;;;;;;;;;;;;
180;;;PISOS Y ENCHAPES CERAMICOS DE OCCIDENTE SAS;31 - JURIDICA;NIT;901768062;1;WILLIAN/ JOSE/LUIS ;PISOS Y ENCHAPES CERAMICOS DE OCCIDENTE;CL 15 11 25;CALI;76001;VALLE DEL CAUCA;76;CIELO VILLAMIZAR;3183785826;;pisosyenchapesceramicos@gmail.com;0;1;activo;;;;;;;;;;;;;
181;;;TECNIPISOS CALI SAS;31 - JURIDICA;NIT;901787803;3;JUAN PABLO VILLALBA;TECNIPISOS CALI SAS;CL 70 8 87;CALI;76001;VALLE DEL CAUCA;76;BLADIMIR DIAZ;3164437224;;tecnipisoscali@gmail.com;0;1;activo;;;;;;;;;;;;;
182;;;FERREACABADOS HC SAS;31 - JURIDICA;NIT;901608329;7;HECTOR CORTES/ CARLOS ;FERREACABADOS HC SAS;CL 16 N 8 01 VILLAGORGONA ;CANDELARIA ;;VALLE;;BLADIMIR DIAZ;3012742028;;hectorrcortes1970@gmail.com;0;1;activo;;;;;;;;;;;;;
183;;;METRO 3-60 SAS;31 - JURIDICA;NIT;901654095;4;DAVID ENCISO ;METRO 3-60 SAS;CL COLON  30 H 55 96 BRR ESCALLON VILLA;CARTAGENA;;BOLIVAR;;BLADIMIR DIAZ;3107902183;3144293733;gerencia@metrobiosystems.com;0;1;activo;;;;;;;;;;;;;
184;;;PISOS Y GRES SAS;31 - JURIDICA;NIT;900232107;1;PISOS Y GRES SAS;PISOS Y GRES SAS;AV LA GRAN COLOMBIA9 E 09 B. COLSAG ;CUCUTA;;NORTE DE SANTANDER;;BLADIMIR DIAZ;3208366041;;pisosygres01@gmail.com;0;1;activo;;;;;;;;;;;;;
185;;;IINOVAR Y REMODELAR SAS;31 - JURIDICA;NIT;900315752;8;0;INNOVAR Y REMODELAR SAS;CL 77 4 B 45 B. JARDIN ;IBAGUE ;;TOLIMA;;BLADIMIR DIAZ;3138179969;;cielo.prada@hotmail.com;0;1;activo;;;;;;;;;;;;;
186;;;NOVA FERRECERAMICA SAS;31 - JURIDICA;NIT;901172279;3;MAGALI;NOVA FERRECERAMICAS;CR 4 15 45;IPIALES;;;;BLADIMIR DIAZ;3162596817;;ferreina15@hotmail.com;0;1;activo;;;;;;;;;;;;;
187;;;SURTIACABADOS EN OBRA SAS;31 - JURIDICA;NIT;901641302;8;SEBASTIAN HERRERA HERRERA;SURTIACABADOS EN OBRA SAS;CR 42 76 56;ITAGUI;;ANTIOQUIA;;BLADIMIR DIAZ;3218652655;;surtiacabadosenobra@gmail.com;0;1;activo;;;;;;;;;;;;;
188;;;INVERSIONES SUFIMAC CONSTRUCCIONES SAS;31 - JURIDICA;NIT;901778378;6;MONICA ERAZO;INVERSIONES SUFIMAC CONSTRUCCIONES SAS;CR 4 6 03 BRR VILLA ESTELA;JAMUNDI;;VALLE;;CIELO VILLAMIZAR;6022882613;3142908975;villaestelacontabilidad@gmail.com;0;1;activo;;;;;;;;;;;;;
189;;;SERVI PUTUMAYO S.A.S;31 - JURIDICA;NIT;900672447;6;HERNAN CAIDEDO;-;CLL 7 7A 16;ORITO;;PUTUMAYO;;BLADIMIR DIAZ;3133159710;;facturacionserviputumayosas@gmail.com;0;1;activo;;;;;;;;;;;;;
190;;;TRIPLEX JC S.A.S;31 - JURIDICA;NIT;900242652;5;JOSÉ CARLOS CONDUCTOR;TRIPLEX JC;CL 3 TV3 3 57 CORR LA DOLORES;PALMIRA ;;VALLE ;;BLADIMIR DIAZ;6176756310;;triplexjcltda@hotmail.com;0;1;activo;;;;;;;;;;;;;
191;;;CASCOS Y ACCESORIOS GAMA MTOS SAS;31 - JURIDICA;NIT;900627019;6;GUILLERMO COBO PEREZ;CASCOS Y ACCESORIOS GAMA MTOS SAS;CR 19 39 46 LC 1  B SAN PEDRO;PALMIRA ;;VALLE ;;BLADIMIR DIAZ;3163376077;;gamamotoscascosyaccesorios@hotmail.com;5000000;2;activo;;;;;;;;;;;;;
192;;;HOTEL HYM SAS;31 - JURIDICA;NIT;901117025;6;OSCAR MAURICIO ;HOTEL HYM SAS;CR 33  30 41;PALMIRA ;;VALLE ;;BLADIMIR DIAZ;3163205660;;facturacionhotelhym@gmail.com;0;1;activo;;;;;;;;;;;;;
193;;;CERAMICAS Y PVC RIGAL SAS;31 - JURIDICA;NIT;901705045;6;HENRY ANTONIO RIVERA PAMPLONA;CERAMICAS Y PVC RIGAL SAS;CR 35 37A  27;PALMIRA ;;VALLE ;;CIELO VILLAMIZAR;6022872472;3137975606;facturas.cyl.la35@gmail.com;0;1;activo;;;;;;;;;;;;;
194;;;INNOVACERAMICAS PEREIRA SAS;31 - JURIDICA;NIT;901145994;7;DIEGO;INNOVACERAMICAS PEREIRA SAS;CR 7 32 20 LC 1 B. PRIMERO DE FEBRERO ;PEREIRA;;RISARALDA;;BLADIMIR DIAZ;3226142736;3128659501;salainnovaceramicas@gmail.com;0;1;activo;;;;;;;;;;;;;
195;;;FID PROY SAS;31 - JURIDICA;NIT;900966361;4;DAVID ENCISO-KARINA;FID PROY SAS;CR 25 9 47 BRR EL PUERTO;PUERTO ASIS ;;PUTUMAYO ;;BLADIMIR DIAZ;3105899964;3132924823;fidproy@gmail.com;0;1;activo;;;;;;;;;;;;;
196;;;ARMIDA SAS ZOMAC;31 - JURIDICA;NIT;901060550;4;JORGE VALENCIA ;ARMIDA S.A.S ZOMAC;CRA 21 9 22 B EL PUERTO ;PUERTO ASIS ;;PUTUMAYO ;;BLADIMIR DIAZ;3164688885/3143618223;;miscelaneaelsur@hotmail.com;0;1;activo;;;;;;;;;;;;;
197;;;DISTRIBUCIONES CAICEDO & CIA JV S.A.S ZOMAC BIC;31 - JURIDICA;NIT;901660384;2;JEISON PC;DISTRIBUCIONES CAICEDO;MZ 3 LT 12 CL 7 CR 3 BRR MIRAFLORES;PUERTO CAICEDO;;;;BLADIMIR DIAZ;3115230275;;info.districaicedo@gmail.com;0;1;activo;;;;;;;;;;;;;
198;;;COMERCIALIZADORA DE CERAMICAS DEL VALLE SAS;31 - JURIDICA;NIT;901994265;8;EDWIN ALEXANDER TEJADA BETANCUR;COMERCIALIZADORA DE CERAMICAS DEL VALLE SAS;CL 8 NRO.10-40;RESTREPO;;VALLE;;BLADIMIR DIAZ;3204888202;3204201120;crramicasdelvallecom@gmail.com;0;1;activo;;;;;;;;;;;;;
199;;;INVERSIONES Y ACABADOS CARSAN SAS-ZOMAC;31 - JURIDICA;NIT;901165449;1;NATHALIA;INVERSIONES Y ACABADOS CARSAN SAS-ZOMAC;CL DEL COMERCIO ;SAN ANDRES DE TUMACO;;NARIÑO;;BLADIMIR DIAZ;3166990234;;facturacioncarsan2018@gmail.com;0;1;activo;;;;;;;;;;;;;
200;;;IMPORCERAMICASAND PROJECT GROUP SAS ZOMAC;31 - JURIDICA;NIT;901418941;1;KAREN;IMPORCERAMICASAND PROJECT GROUP SAS ZOMAC;CR 12 5 78;SANTANDER DE QUILICHAO;;CAUCA ;;BLADIMIR DIAZ;3207444159;;imporceramicas.contabilidad@gmail.com;0;1;activo;;;;;;;;;;;;;
201;;;GRUPO ALMY SAS;31 - JURIDICA;NIT;901580118;6;ALEXANDER BONILLA ;ALMY SAS;CL 5 15 33;SANTANDER DE QUILICHAO;;CAUCA ;;BLADIMIR DIAZ;3217056755;;grupoempresarialalmy@outlook.es;0;1;activo;;;;;;;;;;;;;
202;;;AREA INGENIERIA SAS;31 - JURIDICA;NIT;846000811;6;DAVID ENCISO-KARINA;AREA INGENIERIA SAS;CR 5 A 10 27 BRR  SAN LUIS;VILLAGARZON;;PUTUMAYO;;BLADIMIR DIAZ;3135440582;3112372977;construcccionesareaingenieria@gmail.com;0;1;activo;;;;;;;;;;;;;
203;;;ARQ.CO S.A.S;31 - JURIDICA;NIT;900635873;3;ELMER ALBERTO BENAVIDES ;ARQ.CO S.A.S;VDA LA PALESTINA;VILLAGARZON;;PUTUMAYO;;BLADIMIR DIAZ;3208212149;;arq.co_sas@hotmail.com;0;1;activo;;;;;;;;;;;;;
204;;;FERREMONO SAS ZOMAC;31 - JURIDICA;NIT;901194403;5;FERNANDO ORDOÑEZ;-;CL 4N 7 53 BRR EL PROGRESO;VILLAGARZON;;PUTUMAYO;;BLADIMIR DIAZ;3216471465;3162327090;ferremonosas@gmail.com;0;1;activo;;;;;;;;;;;;;
205;;;INNOVA INGENIERIA Y GEOSOLUCIONES SAS;31 - JURIDICA;NIT;901330574;1;ELMER ALBERTO BENAVIDES ;INNOVA INGENIERIA Y GEOSOLUCIONES;BRR INDUSTRIAL DIAG CANCHA DE FUTBOL;VILLAGARZON;;PUTUMAYO;;BLADIMIR DIAZ;3143836722;;ing.innovacivil88@yahoo.com;0;1;activo;;;;;;;;;;;;;
206;;;CONSORCIO ALCANTARILLADO VILLAGARZON 2024;31 - JURIDICA;NIT;901894553;5;ELMER ALBERTO BENAVIDES ;-;CRA 3 2 16 BRR INDUSTRIAL;VILLAGARZON;;PUTUMAYO;;BLADIMIR DIAZ;3146345097;;ing.innovacivil88@yahoo.com;0;1;activo;;;;;;;;;;;;;
207;;;PVC Y DISTRIBUCIONES DEL VALLE SAS;31 - JURIDICA;NIT;901914994;7;JHON  QUINTERO;CERAMICAS CALI;CR 38 N 13 93 VIA ACOPI YUMBO;YUMBO;;VALLE;;BLADIMIR DIAZ;3103490461;;pvcdistribuciondelvalle@gmail.com;0;1;activo;;;;;;;;;;;;;
208;CLAUDIA CAROLINA;GARNICA BARRERA;CLAUDIA CAROLINA GARNICA BARRERA ;13 - NATURAL;CC;41943129;7;CLAUDIA CAROLINA GARNICA BARRERA ;-;CR22 16 26 AP 302;ARMENIA ;;QUINDIO;;BLADIMIR DIAZ;3008201771;67496193;caritogarnica2011@gmail.com;1000000;3;activo;;;;;;;;;;;;;
209;RUBEN DARIO;AGUDELO GIRALDO;RUBEN DARIO AGUDELO GIRALDO;13 - NATURAL;CC;1024470331;7;RUBEN DARIO AGUDELO GIRALDO;FENIX.R.R. IMPORTACIONES;CR 18 12 03;ARMENIA ;;QUINDIO;;BLADIMIR DIAZ;3228566043;;rubendarioagudelogiraldo639@gmail.com;0;1;activo;;;;;;;;;;;;;
210;NICOLAS ;RODRIGUEZ ;NICOLAS RODRIGUEZ;13 - NATURAL;CC;1018461511;;NICOLAS RODRIGUEZ;-;CR 116B 72F 67 INT 16 APTO 601 MONTECARLO - NUEVA GRANADA ;BOGOTÁ;;;;BLADIMIR DIAZ;3133813786;;nicorm1408@gmail.com;0;1;activo;;;;;;;;;;;;;
211;FREDI BONILLA;RIASCO ;FREDI BONILLA RIASCO ;13 - NATURAL;CC;15499330;4;FREDDY BONILLA RIASCO ;-;VDA RIO NAYA;BUENAVENTURA ;;VALLE ;;BLADIMIR DIAZ;3188127898;;fredybonilla_bonilla@gmail.com;0;1;activo;;;;;;;;;;;;;
212;JESUS LEOPOLDO;DCROZ AGUIRRE;JESUS LEOPOLDO DCROZ AGUIRRE ;13 - NATURAL;CC;16506776;8;JESUS LEOPOLDO DCROZ AGUIRRE ;D CROZ AGUIRRE JESUS LEOPOLDO ;CR 4 CL 6 21 C 70;BUENAVENTURA ;;VALLE ;;BLADIMIR DIAZ;3148276657;;leopoldodcroz@gmail.com;0;1;activo;;;;;;;;;;;;;
213;EDWIN ALEXANDER;TEJADA BETANCUR;EDWIN ALEXANDER TEJADA BETANCUR;13 - NATURAL;CC;1148954931;4;EDWIN ALEXANDER TEJADA BETANCUR;FERRECERAMICAS TURA;CL 6 59 59;BUENAVENTURA ;;VALLE ;;BLADIMIR DIAZ;3204888202;;ferreceramicastura@gmail.com;0;1;activo;;;;;;;;;;;;;
